width_mm,height_mm,depth_mm,mount_panel,din_inclined,cable_entries,breakers_le63,load_switches,contactors,rcd,freq_converters,soft_starters,power_supplies,phase_relays,relays,fans,thermostats,fuse_holders,signal_lamps,analog_4_20mA,interfaces_count,terminals,ip_rating,plc_type,hmi_type,baseline_hours,actual_hours
1200,1000,400,1,1,6,2,0,2,0,0,0,0,0,0,0,0,1,5,5,3,36,IP66,Релейное,"Свыше 7""",12.01,11.79
400,300,200,1,0,7,9,1,5,2,0,0,1,0,5,2,1,3,0,0,0,78,IP54,Нет,"До 7""",14.12,14.19
2000,800,600,1,0,12,7,0,3,2,1,0,1,0,5,0,0,6,2,7,1,60,IP65,Релейное,"До 7""",16.49,16.54
400,300,200,1,0,11,9,0,3,2,3,0,1,0,5,0,0,4,0,6,2,66,IP65,Релейное,Нет,19.14,18.17
1000,800,300,1,0,10,7,0,2,1,1,0,1,1,2,1,1,0,4,8,3,52,IP65,Компактный ПЛК,Нет,15.85,16.11
400,300,200,1,1,9,6,1,2,1,3,0,1,0,4,0,0,6,1,8,1,75,IP66,Релейное,Нет,20.77,21.87
1000,800,300,1,0,7,5,1,2,1,0,0,1,1,0,2,1,6,0,7,1,39,IP65,Компактный ПЛК,Нет,12.42,12.48
800,600,300,1,0,11,10,0,2,0,3,0,1,0,2,0,0,4,2,6,2,69,IP54,Релейное,Нет,18.93,18.6
400,300,200,1,0,7,6,1,4,2,0,0,1,0,4,0,0,1,1,0,1,60,IP65,Компактный ПЛК,Нет,11.34,11.25
400,300,200,1,0,9,7,0,4,0,0,1,1,0,5,0,0,7,0,6,2,67,IP54,Релейное,"До 7""",15.68,14.61
600,600,250,1,1,5,6,0,3,2,1,1,1,0,0,0,0,3,3,0,0,35,IP21,Нет,Нет,9.75,9.72
400,300,200,1,0,12,10,1,4,0,4,0,0,0,4,1,1,7,1,3,3,67,IP65,Компактный ПЛК,"До 7""",20.52,20.57
600,400,250,1,0,13,11,1,7,2,1,0,1,1,4,1,1,2,4,4,2,95,IP54,Компактный ПЛК,Нет,20.02,18.5
2000,800,600,1,1,15,12,0,3,2,7,0,1,1,11,1,1,1,4,10,3,92,IP54,Релейное,Нет,27.72,28.93
600,400,250,1,1,3,6,0,1,2,1,0,1,0,1,0,0,0,2,0,0,37,IP65,Нет,Нет,8.57,8.68
2000,800,600,1,0,8,8,1,5,2,0,1,0,0,6,0,0,5,3,0,0,68,IP21,Нет,"До 7""",13.66,14.63
800,600,300,1,0,11,6,0,2,1,2,0,1,1,2,0,0,2,4,11,3,66,IP54,Модульный ПЛК,"До 7""",21.92,24.93
1000,800,300,1,0,12,11,1,7,2,2,0,1,1,1,0,0,0,3,0,0,87,IP65,Нет,"Свыше 7""",19.55,18.07
400,300,200,1,1,16,9,0,7,0,1,0,1,0,6,0,0,6,5,9,1,79,IP21,Компактный ПЛК,"До 7""",21.14,22.59
1200,1000,400,1,0,10,10,1,6,0,0,0,1,1,7,1,1,0,5,1,3,86,IP66,Релейное,Нет,17.09,18.18
1000,800,300,1,0,5,3,1,2,2,0,0,1,1,2,0,0,0,0,5,3,38,IP21,Компактный ПЛК,Нет,10.85,10.11
400,300,200,1,0,12,9,1,8,2,0,0,1,0,0,2,1,5,5,0,0,57,IP65,Нет,Нет,13.22,13.56
400,300,200,1,1,10,5,1,2,2,0,0,1,0,0,2,1,6,5,11,3,44,IP65,Компактный ПЛК,"До 7""",17.21,20.02
1000,800,300,1,0,6,6,1,4,0,0,4,0,1,5,1,1,4,0,0,2,43,IP21,Модульный ПЛК,"До 7""",13.31,13.6
600,400,250,1,0,8,7,1,3,1,2,0,1,0,5,1,1,4,4,4,3,57,IP54,Компактный ПЛК,Нет,18.32,18.3
600,400,250,1,0,12,10,1,0,0,5,0,1,1,3,0,0,4,3,8,2,81,IP54,Компактный ПЛК,"До 7""",23.02,26.42
1200,1000,400,1,1,7,9,0,7,1,0,0,1,0,2,2,1,0,0,0,0,55,IP66,Нет,"До 7""",12.74,14.84
400,300,200,1,0,17,12,0,8,0,0,0,1,0,7,2,1,7,0,11,3,131,IP54,Компактный ПЛК,Нет,25.07,26.17
800,600,300,1,1,8,5,0,2,2,0,0,1,0,3,2,1,4,2,10,3,58,IP21,Релейное,Нет,16.01,16.83
1000,800,300,1,0,14,8,0,3,0,2,0,1,1,2,0,0,3,4,8,2,71,IP54,Компактный ПЛК,Нет,20.3,20.98
800,800,300,1,0,7,6,1,4,1,0,0,1,1,3,2,1,7,3,0,0,42,IP66,Нет,Нет,11.03,11.56
600,600,250,1,0,11,8,1,4,2,2,0,1,0,4,0,0,5,1,11,1,93,IP65,Компактный ПЛК,"Свыше 7""",24.41,27.37
1000,800,300,1,0,12,7,0,0,0,5,0,1,1,0,0,0,3,1,11,2,60,IP54,Релейное,"До 7""",20.82,22.83
400,300,200,1,1,10,11,1,6,0,3,0,1,0,9,0,0,0,5,2,2,95,IP65,Компактный ПЛК,"Свыше 7""",23.21,22.06
1200,1000,400,1,0,8,8,1,1,2,2,0,1,1,4,0,0,1,4,1,2,66,IP66,Релейное,"До 7""",17.94,19.9
800,600,300,1,0,11,6,1,1,1,0,0,1,1,1,1,1,4,0,10,2,55,IP54,Компактный ПЛК,"До 7""",15.91,16.82
2000,800,600,1,0,7,7,1,2,1,1,0,1,1,4,2,1,1,0,0,2,57,IP54,Модульный ПЛК,Нет,12.84,14.73
1200,1000,400,1,0,4,4,0,3,0,0,0,1,0,0,0,0,3,0,0,1,28,IP21,Модульный ПЛК,Нет,7.36,7.78
800,600,300,1,0,6,6,0,3,0,3,0,1,1,3,1,1,3,5,0,0,47,IP65,Нет,"До 7""",15.06,14.31
600,600,250,1,1,4,4,0,3,0,1,0,1,1,1,0,0,1,0,0,0,41,IP65,Нет,Нет,8.52,7.85
800,600,300,1,0,11,6,0,3,2,1,0,1,0,4,0,0,2,1,11,2,89,IP65,Модульный ПЛК,"До 7""",20.39,22.0
1200,1000,400,1,1,7,4,0,3,1,1,0,1,0,2,0,0,2,4,1,2,31,IP21,Релейное,"Свыше 7""",11.25,11.29
800,600,300,1,1,6,4,0,2,2,1,0,1,1,0,2,1,5,0,4,2,43,IP54,Компактный ПЛК,Нет,12.59,13.25
800,800,300,1,0,12,9,1,3,1,4,0,0,1,2,0,0,7,0,5,2,55,IP65,Компактный ПЛК,"До 7""",19.38,19.64
600,400,250,1,0,12,4,1,2,1,1,0,0,1,5,0,0,0,4,11,2,51,IP66,Компактный ПЛК,"До 7""",17.82,19.71
1200,1000,400,1,1,9,7,0,2,2,3,0,1,1,4,0,0,3,2,6,2,53,IP54,Компактный ПЛК,"Свыше 7""",19.5,20.85
600,600,250,0,0,5,2,1,0,1,0,0,0,1,3,2,1,1,2,6,1,33,IP54,Компактный ПЛК,Нет,10.11,9.16
1200,1000,400,1,1,8,6,0,4,1,2,0,0,1,7,2,1,2,1,0,0,62,IP66,Нет,"До 7""",16.93,18.08
1000,800,300,1,0,7,7,0,1,0,2,0,1,1,4,0,0,0,1,0,0,55,IP54,Нет,Нет,12.98,12.59
800,800,300,1,1,11,8,0,6,0,0,0,1,0,2,0,0,0,4,5,2,74,IP54,Компактный ПЛК,"До 7""",16.49,16.58
600,400,250,1,0,12,10,1,2,0,7,0,0,1,4,0,0,0,2,7,1,95,IP54,Релейное,"До 7""",23.81,23.95
1000,800,300,1,1,11,10,0,3,2,3,0,1,0,6,2,1,2,3,0,0,63,IP65,Нет,"Свыше 7""",18.31,18.0
800,600,300,1,0,7,8,0,5,0,0,0,1,1,5,0,0,2,3,2,2,68,IP65,Компактный ПЛК,"До 7""",14.5,14.12
2000,800,600,1,0,14,11,0,6,2,3,0,1,1,6,0,0,3,1,7,2,81,IP65,Релейное,Нет,22.31,34.46
1200,1000,400,0,0,10,10,1,6,0,1,0,1,1,1,1,1,5,5,0,0,75,IP54,Нет,"До 7""",15.2,15.89
800,800,300,1,0,11,4,0,3,1,0,0,1,1,4,0,0,6,5,8,2,61,IP65,Релейное,"До 7""",16.07,17.11
2000,800,600,1,1,16,10,0,9,1,0,0,1,1,5,1,1,2,2,7,2,119,IP65,Релейное,Нет,21.91,22.54
1200,1000,400,1,0,8,6,0,2,0,3,0,1,1,1,0,0,7,1,0,0,45,IP54,Нет,Нет,13.0,12.12
800,600,300,1,0,12,8,1,6,2,1,0,0,0,5,0,0,0,4,8,1,83,IP54,Модульный ПЛК,Нет,19.22,20.05
600,400,250,1,0,7,7,0,5,2,0,0,0,1,1,0,0,7,0,0,0,42,IP54,Нет,"До 7""",9.96,9.84
400,300,200,1,0,8,8,1,3,2,0,2,1,0,3,2,1,3,2,3,3,62,IP21,Компактный ПЛК,Нет,15.2,13.72
600,400,250,1,0,12,7,1,3,0,4,0,0,1,3,0,0,3,5,4,3,51,IP21,Модульный ПЛК,"Свыше 7""",19.73,20.15
1200,1000,400,1,0,9,6,1,1,2,1,0,1,1,3,1,1,6,0,9,3,60,IP21,Компактный ПЛК,Нет,16.73,26.63
1200,1000,400,1,0,11,11,0,6,1,0,0,0,1,8,1,1,3,3,0,0,76,IP21,Нет,"До 7""",14.99,16.0
800,800,300,1,0,8,8,0,1,0,5,0,1,0,8,0,0,5,0,0,0,63,IP21,Нет,Нет,15.71,16.69
2000,800,600,1,0,6,4,0,2,0,1,0,1,1,2,0,0,3,3,5,3,45,IP54,Модульный ПЛК,Нет,13.06,14.12
800,600,300,1,0,5,4,0,2,1,1,0,0,1,1,2,1,2,2,3,2,38,IP54,Компактный ПЛК,"До 7""",12.01,13.1
1200,1000,400,1,0,9,9,0,2,0,3,0,0,1,4,0,0,7,0,1,3,63,IP54,Модульный ПЛК,Нет,17.02,20.32
1000,800,300,1,0,6,6,0,3,1,0,0,1,0,5,2,1,4,0,0,0,51,IP54,Нет,"До 7""",10.68,10.33
2000,800,600,1,0,15,11,1,2,1,8,0,1,0,5,0,0,3,5,4,3,90,IP21,Релейное,Нет,23.89,24.04
400,300,200,1,0,9,10,0,5,1,4,2,1,0,1,0,0,7,1,0,0,61,IP65,Нет,Нет,17.02,17.35
400,300,200,1,1,7,5,0,3,0,0,0,1,0,2,0,0,7,2,0,0,37,IP65,Нет,"До 7""",9.23,8.66
400,300,200,1,0,13,13,0,9,1,1,6,1,0,8,1,1,1,5,6,1,144,IP54,Релейное,Нет,27.44,23.88
600,600,250,1,0,10,9,0,6,1,0,5,0,0,8,2,1,3,2,2,2,67,IP65,Релейное,Нет,16.84,16.14
400,300,200,1,0,2,3,0,2,2,0,0,1,0,0,0,0,7,0,0,0,19,IP54,Нет,Нет,5.65,5.84
1200,1000,400,1,0,12,12,0,5,0,5,0,1,1,4,2,1,7,5,4,2,81,IP66,Компактный ПЛК,"До 7""",24.57,27.09
2000,800,600,1,1,9,7,1,1,1,3,0,1,1,3,0,0,3,3,5,3,48,IP21,Релейное,Нет,17.43,18.8
400,300,200,1,0,15,12,0,4,2,6,0,1,0,5,0,0,5,1,4,3,82,IP65,Компактный ПЛК,"До 7""",23.5,21.62
600,600,250,1,0,6,8,1,1,2,3,1,1,1,1,0,0,6,0,0,0,45,IP21,Нет,Нет,13.84,13.29
800,600,300,1,0,12,9,0,5,1,4,0,1,1,9,0,0,4,4,5,3,78,IP54,Компактный ПЛК,Нет,22.31,22.5
400,300,200,1,0,11,11,1,3,0,7,0,1,0,10,0,0,0,5,0,3,102,IP21,Компактный ПЛК,"До 7""",23.86,22.54
800,600,300,1,1,12,9,0,6,1,1,0,1,1,7,2,1,1,4,8,3,112,IP54,Компактный ПЛК,"Свыше 7""",24.05,25.28
600,400,250,1,0,8,5,1,3,0,2,0,1,0,4,0,0,5,1,0,0,40,IP21,Нет,"До 7""",13.28,12.54
600,600,250,1,1,10,13,1,9,2,0,0,1,0,3,2,1,6,5,0,0,118,IP54,Нет,"До 7""",20.13,19.5
1000,800,300,1,0,14,6,1,2,1,2,0,1,0,3,0,0,5,0,11,1,59,IP21,Релейное,Нет,19.36,22.22
600,400,250,1,0,5,3,0,0,2,0,0,1,1,0,2,1,0,1,0,0,18,IP54,Нет,"Свыше 7""",6.89,6.63
1000,800,300,1,0,15,11,0,9,0,0,0,1,1,9,0,0,2,0,7,1,138,IP66,Компактный ПЛК,Нет,23.45,22.86
800,600,300,1,0,14,9,1,9,0,0,0,1,1,3,2,1,6,4,9,3,105,IP54,Модульный ПЛК,Нет,22.71,20.79
2000,800,600,1,0,16,11,0,8,0,0,0,1,1,10,0,0,2,3,9,2,106,IP65,Релейное,"Свыше 7""",22.74,24.16
600,400,250,1,0,10,9,1,3,1,3,0,1,0,0,2,1,3,2,0,0,47,IP54,Нет,"До 7""",15.48,14.54
800,600,300,1,0,13,9,1,8,2,0,0,1,0,4,0,0,0,2,3,1,99,IP54,Релейное,"До 7""",17.97,17.09
2000,800,600,1,0,6,4,0,1,0,0,0,1,1,0,0,0,0,0,1,1,30,IP21,Компактный ПЛК,"До 7""",8.01,7.45
1200,1000,400,1,0,9,7,0,4,0,1,1,1,1,6,0,0,5,5,0,0,55,IP65,Нет,"До 7""",13.45,13.98
600,400,250,1,0,12,6,1,3,0,1,0,1,1,1,2,1,6,2,11,1,64,IP65,Релейное,Нет,17.66,18.65
2000,800,600,1,1,15,11,0,6,1,4,0,1,1,7,0,0,5,2,6,2,120,IP66,Модульный ПЛК,"До 7""",28.18,41.87
2000,800,600,1,0,6,5,1,3,2,0,3,1,1,6,0,0,2,2,2,3,53,IP54,Компактный ПЛК,Нет,13.71,13.33
400,300,200,0,0,6,8,1,2,1,1,0,0,0,2,0,0,2,1,2,1,53,IP66,Компактный ПЛК,"До 7""",12.67,13.53
600,600,250,1,0,2,2,1,1,1,0,0,1,0,2,1,1,2,3,0,0,21,IP54,Нет,"Свыше 7""",7.36,7.21
1000,800,300,1,1,11,6,1,2,2,2,0,1,0,4,2,1,4,1,5,2,67,IP21,Релейное,Нет,18.81,18.33
1000,800,300,1,0,10,13,1,3,2,7,0,1,1,5,2,1,1,4,0,2,78,IP54,Релейное,"До 7""",22.3,20.29
800,600,300,1,0,11,8,1,0,2,6,0,1,1,2,1,1,6,3,0,0,33,IP54,Нет,"Свыше 7""",16.14,16.26
600,400,250,1,0,4,4,1,2,0,0,0,1,1,0,2,1,5,3,0,0,23,IP66,Нет,"До 7""",8.61,8.82
2000,800,600,1,0,14,11,1,8,2,0,0,0,0,5,2,1,6,3,4,2,116,IP21,Модульный ПЛК,Нет,21.35,20.83
800,600,300,1,1,12,11,1,10,2,0,0,1,0,1,0,0,2,5,3,2,75,IP21,Релейное,"Свыше 7""",18.11,17.6
400,300,200,1,0,5,5,1,1,1,1,0,1,0,2,2,1,4,1,4,2,37,IP54,Компактный ПЛК,Нет,11.94,11.95
400,300,200,1,0,15,12,1,6,2,2,0,1,0,1,0,0,0,5,7,3,98,IP54,Компактный ПЛК,Нет,23.89,22.66
400,300,200,1,0,4,5,1,0,0,0,0,1,0,0,1,1,0,2,0,1,21,IP54,Модульный ПЛК,"До 7""",7.92,7.67
2000,800,600,1,0,4,5,1,0,2,0,0,0,1,2,1,1,6,5,4,1,36,IP66,Компактный ПЛК,"Свыше 7""",12.78,12.73
800,600,300,1,0,9,4,0,1,2,0,0,1,0,2,0,0,2,1,8,1,47,IP54,Модульный ПЛК,Нет,12.79,13.43
2000,800,600,1,1,12,12,1,10,1,0,0,1,1,4,0,0,1,2,0,0,85,IP65,Нет,"Свыше 7""",16.7,16.97
600,400,250,1,0,11,7,1,2,1,1,0,1,1,1,1,1,6,3,11,3,61,IP54,Модульный ПЛК,"До 7""",19.45,21.06
400,300,200,1,1,12,12,1,8,0,0,0,1,0,10,2,1,2,3,0,0,117,IP54,Нет,"До 7""",19.55,18.61
1200,1000,400,1,0,14,10,0,6,2,1,0,0,1,2,1,1,5,3,4,2,66,IP54,Релейное,Нет,16.54,18.38
2000,800,600,1,0,11,8,0,6,2,0,0,1,0,5,0,0,2,0,0,0,76,IP65,Нет,"До 7""",13.34,13.77
600,600,250,1,0,10,12,1,6,0,1,4,1,0,2,1,1,3,0,0,0,78,IP66,Нет,"Свыше 7""",17.81,19.21
2000,800,600,1,1,7,9,1,6,2,0,0,1,0,3,1,1,5,3,0,0,63,IP54,Нет,"До 7""",13.75,13.47
600,600,250,1,0,12,11,0,1,2,7,0,1,1,0,1,1,1,4,3,1,62,IP54,Компактный ПЛК,Нет,19.88,20.94
1000,800,300,1,0,9,8,1,7,2,0,0,1,1,4,0,0,0,0,0,3,82,IP21,Компактный ПЛК,"До 7""",15.37,14.35
400,300,200,1,1,4,2,0,2,2,0,0,1,0,2,2,1,2,4,0,0,29,IP54,Нет,Нет,7.85,8.34
1000,800,300,1,0,12,4,1,2,2,0,0,1,0,3,0,0,2,4,10,2,51,IP54,Компактный ПЛК,"До 7""",15.96,17.64
600,600,250,1,1,10,10,0,6,0,1,5,1,0,8,2,1,0,0,0,0,103,IP54,Нет,Нет,18.77,16.22
400,300,200,1,0,7,9,1,3,2,2,3,1,0,7,1,1,2,1,0,0,61,IP54,Нет,"До 7""",17.77,17.1
800,600,300,1,1,5,6,1,3,1,1,0,1,1,1,0,0,3,0,3,2,58,IP54,Компактный ПЛК,Нет,13.19,13.46
1200,1000,400,1,0,7,6,0,3,1,2,0,0,1,0,1,1,3,4,5,1,39,IP54,Компактный ПЛК,Нет,15.64,16.31
400,300,200,1,0,2,5,0,1,1,0,0,1,0,0,0,0,2,2,0,0,31,IP65,Нет,"До 7""",7.25,6.84
600,600,250,1,0,14,12,1,4,2,6,0,1,1,11,1,1,0,2,2,3,79,IP66,Компактный ПЛК,Нет,23.61,23.65
1200,1000,400,0,1,5,4,1,0,2,0,0,1,1,0,2,1,7,4,2,2,26,IP65,Модульный ПЛК,"До 7""",10.9,10.03
800,600,300,1,0,9,8,0,2,1,2,0,1,1,4,0,0,4,5,6,1,68,IP54,Компактный ПЛК,Нет,19.11,20.5
800,600,300,1,0,6,4,0,2,1,0,0,1,0,1,0,0,2,3,9,1,43,IP65,Релейное,Нет,12.3,14.46
600,600,250,1,0,11,7,0,4,1,0,0,1,0,0,1,1,0,5,11,3,61,IP65,Модульный ПЛК,"До 7""",18.27,19.3
1200,1000,400,1,1,3,2,1,1,2,0,0,1,1,2,2,1,5,2,0,0,19,IP54,Нет,Нет,7.12,6.87
600,600,250,1,0,11,8,1,3,0,1,0,0,0,6,0,0,4,3,6,1,90,IP65,Компактный ПЛК,"До 7""",18.47,17.78
600,400,250,1,1,10,6,1,2,1,2,0,1,1,0,2,1,4,3,9,3,50,IP54,Компактный ПЛК,"До 7""",20.36,22.36
800,800,300,1,0,12,11,1,8,0,0,0,1,1,4,0,0,7,2,0,2,87,IP54,Компактный ПЛК,"До 7""",16.98,16.27
1200,1000,400,1,0,10,10,0,1,0,6,0,1,0,2,0,0,6,3,0,0,66,IP54,Нет,Нет,16.78,18.09
400,300,200,1,0,10,9,0,3,1,5,0,1,0,8,1,1,2,5,3,3,68,IP21,Компактный ПЛК,"До 7""",21.51,23.0
2000,800,600,1,0,7,8,1,4,0,0,0,1,1,2,2,1,1,5,0,2,57,IP66,Компактный ПЛК,"Свыше 7""",14.29,16.83
600,600,250,1,0,4,6,0,1,0,0,0,1,0,4,0,0,1,5,2,3,52,IP54,Модульный ПЛК,Нет,11.64,10.58
600,400,250,1,0,11,10,0,6,0,0,0,1,0,4,2,1,4,2,5,1,84,IP54,Компактный ПЛК,Нет,17.07,15.96
1200,1000,400,1,1,12,6,1,2,1,3,0,1,1,2,0,0,2,2,6,1,67,IP21,Модульный ПЛК,Нет,19.3,21.8
400,300,200,1,1,9,10,0,9,2,0,0,1,0,6,0,0,2,1,0,0,109,IP54,Нет,"До 7""",17.3,17.4
800,800,300,1,0,7,6,0,4,2,0,1,1,1,1,0,0,6,4,0,0,54,IP54,Нет,Нет,11.0,11.82
400,300,200,1,0,14,9,0,4,0,3,0,1,0,2,0,0,6,2,9,1,79,IP65,Компактный ПЛК,Нет,21.62,20.76
2000,800,600,0,1,9,9,0,7,1,0,0,1,0,4,2,1,2,0,0,1,86,IP65,Модульный ПЛК,Нет,14.96,15.4
800,800,300,1,0,11,11,1,7,0,0,0,1,1,5,0,0,1,2,0,0,92,IP65,Нет,"До 7""",15.61,16.41
1000,800,300,1,1,6,8,1,5,2,0,0,1,0,2,0,0,3,3,0,1,54,IP54,Компактный ПЛК,Нет,11.98,11.88
400,300,200,1,0,5,5,0,1,2,0,0,1,0,2,0,0,2,4,0,0,42,IP54,Нет,"Свыше 7""",9.41,9.09
600,400,250,1,1,9,6,0,2,2,1,0,1,1,1,2,1,4,0,6,2,46,IP54,Компактный ПЛК,Нет,14.26,14.54
800,600,300,1,0,10,9,0,4,2,3,0,1,1,2,0,0,0,2,2,1,52,IP65,Релейное,"До 7""",16.97,16.16
400,300,200,1,0,6,5,0,2,2,0,0,1,0,0,1,1,3,1,0,0,27,IP21,Нет,Нет,7.15,6.62
600,400,250,1,0,8,9,0,6,1,0,3,1,0,4,1,1,7,2,2,1,91,IP21,Компактный ПЛК,Нет,17.52,16.75
2000,800,600,1,1,8,8,0,1,1,2,0,1,1,3,2,1,1,1,0,0,61,IP65,Нет,"До 7""",15.57,15.83
600,600,250,1,0,13,10,1,7,1,0,0,1,0,5,0,0,6,2,10,1,78,IP54,Релейное,Нет,18.89,18.93
1000,800,300,1,0,10,11,1,5,0,3,0,1,0,0,0,0,1,2,0,0,60,IP66,Нет,Нет,16.1,15.72
600,600,250,1,0,8,3,1,1,2,1,0,1,1,0,1,1,7,5,6,3,38,IP54,Компактный ПЛК,"До 7""",14.63,16.12
600,400,250,1,0,7,7,1,0,0,2,0,1,0,3,2,1,4,5,6,1,67,IP54,Компактный ПЛК,"До 7""",19.45,16.83
1200,1000,400,1,0,8,8,0,3,2,2,0,1,0,6,0,0,5,3,3,1,62,IP21,Компактный ПЛК,"Свыше 7""",18.65,17.63
600,400,250,1,0,13,8,0,4,1,3,0,1,1,3,1,1,1,0,11,3,69,IP66,Компактный ПЛК,"До 7""",23.59,25.84
600,600,250,1,0,15,12,0,10,2,0,0,0,1,9,0,0,0,4,5,2,98,IP54,Компактный ПЛК,"До 7""",21.04,20.94
2000,800,600,1,1,8,5,0,0,0,1,0,1,1,3,0,0,6,3,8,2,53,IP54,Модульный ПЛК,"Свыше 7""",16.33,20.18
2000,800,600,1,1,9,3,0,2,1,0,0,0,0,3,0,0,1,5,10,1,42,IP54,Модульный ПЛК,"До 7""",14.71,16.51
2000,800,600,1,0,4,2,1,2,1,0,0,1,1,1,0,0,2,4,3,1,31,IP65,Компактный ПЛК,"До 7""",10.1,9.91
600,600,250,1,0,7,6,1,0,0,2,0,1,1,3,0,0,3,1,0,0,41,IP21,Нет,Нет,11.9,11.73
800,600,300,1,1,3,5,0,0,0,0,0,1,0,1,0,0,1,5,0,0,30,IP21,Нет,Нет,6.91,6.54
400,300,200,0,0,9,9,0,9,2,0,0,1,0,1,0,0,5,1,0,0,78,IP66,Нет,Нет,13.42,14.01
1200,1000,400,1,1,8,8,0,6,1,1,0,1,1,9,1,1,0,5,0,1,69,IP21,Компактный ПЛК,"Свыше 7""",16.62,16.39
800,800,300,1,0,9,9,0,3,2,2,1,0,1,2,0,0,6,2,0,0,47,IP21,Нет,Нет,14.35,14.74
600,400,250,1,0,8,11,0,6,0,0,0,1,0,3,0,0,5,1,1,2,85,IP21,Компактный ПЛК,"До 7""",15.64,14.95
600,400,250,1,0,4,4,1,0,1,1,0,0,1,3,0,0,6,1,0,0,27,IP66,Нет,"До 7""",8.83,8.3
1200,1000,400,0,1,7,8,1,2,0,1,0,1,1,3,0,0,0,0,5,2,70,IP21,Релейное,Нет,14.31,14.16
600,400,250,1,1,10,11,1,9,1,0,0,1,1,1,1,1,0,1,0,0,88,IP65,Нет,Нет,15.04,15.24
400,300,200,1,1,13,10,0,2,2,4,0,1,0,8,1,1,1,5,10,3,102,IP54,Релейное,Нет,26.04,28.47
2000,800,600,1,0,6,4,0,1,1,0,0,1,1,0,2,1,2,1,0,1,27,IP65,Релейное,"До 7""",8.23,8.21
400,300,200,1,0,13,9,0,8,1,0,0,1,0,2,0,0,6,1,8,3,75,IP21,Компактный ПЛК,Нет,17.88,17.45
400,300,200,1,0,14,9,1,1,0,6,1,1,0,5,0,0,3,3,8,1,77,IP21,Компактный ПЛК,Нет,22.73,21.84
800,600,300,1,1,9,7,1,3,0,1,0,1,1,0,2,1,7,3,5,1,66,IP21,Модульный ПЛК,Нет,16.36,15.88
600,400,250,1,0,12,11,1,6,0,1,1,0,1,2,2,1,0,4,6,3,89,IP65,Компактный ПЛК,Нет,20.0,19.16
800,800,300,1,0,11,11,0,4,0,4,0,1,1,5,0,0,5,0,5,2,92,IP21,Модульный ПЛК,"Свыше 7""",23.34,23.59
2000,800,600,1,0,8,11,0,8,1,0,0,1,1,2,1,1,2,2,0,3,63,IP54,Компактный ПЛК,Нет,14.06,15.23
1200,1000,400,1,0,8,7,0,0,0,3,0,0,0,0,0,0,7,0,0,2,27,IP54,Компактный ПЛК,"До 7""",12.56,11.62
2000,800,600,1,0,16,12,0,2,1,6,0,1,1,4,0,0,7,1,11,2,109,IP54,Компактный ПЛК,Нет,27.07,28.07
800,600,300,1,0,12,11,0,4,1,4,0,1,0,6,0,0,6,2,4,3,65,IP21,Модульный ПЛК,Нет,20.68,25.99
800,800,300,1,0,13,9,0,5,2,0,0,0,0,2,0,0,6,1,6,2,90,IP66,Компактный ПЛК,"До 7""",18.69,18.52
600,400,250,1,0,12,13,0,8,0,0,0,1,0,5,0,0,1,4,0,0,114,IP21,Нет,Нет,17.04,14.94
2000,800,600,1,0,8,5,1,2,1,2,0,1,1,3,1,1,6,5,5,2,55,IP66,Модульный ПЛК,"До 7""",19.79,24.44
600,400,250,1,0,7,4,1,1,2,0,0,1,1,4,1,1,4,2,8,3,41,IP65,Компактный ПЛК,Нет,13.76,15.34
800,600,300,1,0,13,11,0,2,2,7,0,1,1,0,1,1,3,5,3,3,63,IP65,Модульный ПЛК,"Свыше 7""",22.56,25.32
600,600,250,1,0,15,8,1,6,1,1,0,1,0,3,0,0,4,4,10,1,105,IP21,Релейное,Нет,21.39,20.82
800,800,300,1,1,8,5,0,3,0,0,0,0,1,0,1,1,4,1,0,1,37,IP65,Компактный ПЛК,Нет,9.03,8.66
600,600,250,1,1,11,9,1,8,2,0,0,1,1,8,1,1,6,1,0,0,82,IP54,Нет,Нет,15.6,15.42
600,600,250,1,0,7,4,0,2,1,2,0,1,1,0,2,1,0,2,4,1,39,IP54,Компактный ПЛК,"Свыше 7""",15.64,15.3
600,600,250,1,0,12,10,0,4,1,3,2,1,1,3,2,1,4,1,9,2,66,IP66,Релейное,Нет,22.98,25.56
600,400,250,1,0,12,7,1,2,2,1,0,0,0,4,0,0,6,5,10,2,86,IP65,Компактный ПЛК,"До 7""",20.45,19.81
800,800,300,1,0,7,6,1,5,2,0,0,0,0,0,0,0,5,3,0,0,41,IP66,Нет,"Свыше 7""",10.92,11.76
1200,1000,400,1,1,6,2,0,2,0,0,0,0,1,1,2,1,0,4,6,2,33,IP21,Компактный ПЛК,"До 7""",11.96,12.3
400,300,200,1,0,18,11,1,6,2,4,0,1,0,6,0,0,5,3,11,2,122,IP21,Модульный ПЛК,"До 7""",29.85,31.97
600,600,250,1,0,9,5,0,1,0,0,0,0,0,1,2,1,7,2,8,1,38,IP65,Компактный ПЛК,Нет,12.37,12.79
600,400,250,1,0,13,9,1,2,0,3,0,1,1,0,0,0,7,1,9,3,54,IP54,Компактный ПЛК,Нет,19.82,19.97
400,300,200,1,1,11,7,0,4,0,0,0,1,0,3,2,1,1,1,7,2,73,IP65,Модульный ПЛК,"До 7""",17.27,16.7
400,300,200,1,0,15,13,1,9,1,0,0,1,0,7,0,0,4,2,8,1,116,IP65,Компактный ПЛК,Нет,22.4,23.2
800,600,300,1,1,5,5,0,3,1,0,0,1,1,5,0,0,4,1,1,2,48,IP65,Компактный ПЛК,Нет,10.96,12.01
1200,1000,400,1,0,13,8,0,3,2,3,0,1,1,4,0,0,1,0,9,3,67,IP21,Модульный ПЛК,"До 7""",21.96,26.12
800,800,300,1,0,13,10,1,4,0,5,0,1,1,8,2,1,4,4,6,2,104,IP21,Компактный ПЛК,"Свыше 7""",26.58,25.62
600,600,250,1,0,6,6,0,1,1,1,0,0,1,1,0,0,1,1,6,1,58,IP65,Компактный ПЛК,"До 7""",13.85,14.06
600,600,250,1,0,9,9,0,2,1,2,0,1,1,0,0,0,1,1,0,0,59,IP54,Нет,Нет,13.8,14.31
800,800,300,1,1,11,12,1,7,0,1,0,1,1,4,0,0,2,5,0,0,72,IP66,Нет,"До 7""",16.78,17.46
400,300,200,1,0,12,12,0,3,2,5,0,1,0,5,2,1,3,0,0,0,61,IP21,Нет,Нет,17.5,19.11
400,300,200,1,0,14,10,1,2,2,6,0,1,0,1,1,1,1,3,8,2,74,IP54,Релейное,"Свыше 7""",23.69,23.63
800,800,300,1,0,4,3,1,1,1,1,0,1,1,1,2,1,2,4,0,0,22,IP66,Нет,Нет,8.54,8.96
800,600,300,1,0,12,10,1,6,0,0,0,1,1,4,2,1,6,3,4,2,69,IP54,Компактный ПЛК,Нет,16.62,16.1
1000,800,300,1,1,8,4,0,2,1,1,0,1,0,2,1,1,7,0,4,3,35,IP65,Компактный ПЛК,"Свыше 7""",13.29,13.45
800,600,300,1,0,10,11,1,8,2,0,6,1,1,1,0,0,4,0,1,2,90,IP65,Компактный ПЛК,Нет,18.83,17.95
800,800,300,1,1,14,13,0,3,0,6,0,1,1,1,0,0,2,4,7,2,89,IP65,Модульный ПЛК,Нет,24.38,27.02
2000,800,600,0,1,11,10,0,1,1,5,0,1,1,3,0,0,7,1,6,3,83,IP65,Компактный ПЛК,"Свыше 7""",22.79,24.02
1200,1000,400,1,0,13,7,0,6,0,0,0,1,1,4,0,0,6,4,8,1,62,IP65,Компактный ПЛК,Нет,16.36,18.28
800,600,300,1,0,5,5,0,2,1,1,0,1,1,2,0,0,0,4,0,0,33,IP54,Нет,"До 7""",9.4,12.31
800,600,300,1,0,10,8,1,3,0,4,0,1,1,2,0,0,7,5,7,3,74,IP65,Модульный ПЛК,"До 7""",22.88,27.9
800,600,300,1,0,9,12,0,1,1,7,0,1,1,9,1,1,7,4,0,0,90,IP65,Нет,Нет,21.2,20.63
800,600,300,1,1,8,8,1,3,0,4,0,1,1,4,1,1,5,2,0,2,44,IP65,Модульный ПЛК,"До 7""",17.54,18.61
1000,800,300,1,0,9,6,1,2,0,1,0,1,1,2,2,1,3,2,7,2,64,IP54,Модульный ПЛК,"До 7""",17.14,19.18
600,600,250,1,0,13,7,1,0,0,4,0,1,0,1,1,1,6,0,11,1,74,IP65,Компактный ПЛК,"Свыше 7""",22.51,22.55
800,600,300,1,0,8,6,1,4,1,0,0,1,0,2,2,1,0,3,4,2,43,IP65,Модульный ПЛК,Нет,12.88,13.14
2000,800,600,1,0,11,5,0,1,0,0,0,1,1,1,0,0,3,2,11,2,60,IP66,Релейное,"До 7""",16.31,28.18
400,300,200,1,0,7,7,1,3,2,2,0,1,0,1,1,1,3,3,0,3,44,IP65,Модульный ПЛК,"До 7""",16.22,17.17
600,400,250,1,1,12,13,1,5,0,5,0,1,1,7,0,0,5,0,0,0,91,IP65,Нет,Нет,20.47,18.77
1000,800,300,1,1,12,8,1,5,1,0,0,1,1,6,0,0,0,2,10,2,88,IP66,Компактный ПЛК,"Свыше 7""",21.32,23.02
800,600,300,1,1,8,7,1,4,2,0,1,1,1,3,0,0,1,5,0,0,46,IP54,Нет,"До 7""",12.02,11.79
1200,1000,400,1,0,9,8,1,3,2,1,0,1,1,5,0,0,4,1,7,2,83,IP54,Релейное,Нет,17.73,28.45
800,800,300,1,0,10,10,1,2,2,7,0,1,1,1,0,0,1,3,3,3,48,IP54,Компактный ПЛК,"До 7""",19.82,18.9
800,800,300,1,1,8,3,0,0,0,1,0,1,0,1,0,0,0,2,9,3,34,IP21,Компактный ПЛК,"До 7""",13.46,14.03
800,600,300,1,0,13,9,0,0,1,6,0,1,0,7,0,0,7,3,8,1,78,IP54,Компактный ПЛК,Нет,22.58,22.41
2000,800,600,1,0,5,4,0,1,2,1,0,1,0,4,1,1,5,0,0,2,30,IP21,Компактный ПЛК,"До 7""",10.22,10.15
1200,1000,400,1,0,7,6,0,2,2,2,0,1,1,2,0,0,7,4,1,3,43,IP65,Релейное,Нет,14.86,14.51
800,600,300,1,0,7,3,0,2,1,0,0,1,1,3,0,0,6,3,7,1,41,IP21,Модульный ПЛК,Нет,12.61,12.36
800,600,300,1,0,9,6,1,5,0,0,0,1,1,5,0,0,6,3,3,2,51,IP65,Компактный ПЛК,"До 7""",13.99,15.4
600,400,250,1,0,5,4,1,1,0,1,0,1,0,3,2,1,1,0,5,3,37,IP54,Компактный ПЛК,Нет,11.93,12.17
400,300,200,1,0,12,7,1,1,1,5,0,1,0,8,0,0,7,3,9,1,69,IP65,Релейное,"Свыше 7""",22.86,25.78
400,300,200,1,1,11,9,0,7,2,0,0,1,0,6,0,0,7,0,7,3,103,IP65,Модульный ПЛК,Нет,20.43,19.0
800,600,300,1,0,11,12,1,9,1,1,0,1,1,7,0,0,1,4,1,2,110,IP66,Модульный ПЛК,"Свыше 7""",22.18,21.66
800,800,300,1,0,6,7,1,1,2,2,0,1,1,5,0,0,2,2,2,1,49,IP66,Релейное,Нет,15.51,17.05
800,800,300,1,1,2,2,1,0,0,0,0,1,1,0,0,0,5,5,0,0,14,IP54,Нет,Нет,5.73,5.01
600,600,250,1,1,10,7,0,2,2,3,0,1,1,2,1,1,5,4,8,1,52,IP21,Релейное,"Свыше 7""",20.47,21.6
400,300,200,1,0,8,5,1,2,2,0,0,1,0,3,0,0,5,4,11,1,73,IP21,Релейное,Нет,16.82,17.64
1000,800,300,1,0,5,4,0,2,2,1,0,0,1,4,2,1,2,1,1,2,33,IP54,Релейное,Нет,10.08,10.52
600,400,250,1,0,5,4,0,2,1,1,0,1,1,0,2,1,4,4,0,1,30,IP54,Релейное,"До 7""",10.25,11.14
600,400,250,1,1,12,10,1,9,0,0,0,1,1,3,0,0,2,1,0,0,80,IP65,Нет,Нет,14.2,13.01
600,600,250,1,0,6,2,1,1,1,0,0,0,1,1,0,0,4,5,6,1,29,IP66,Модульный ПЛК,"До 7""",12.12,12.75
2000,800,600,1,0,7,3,1,2,0,1,0,1,1,2,0,0,4,1,2,2,41,IP54,Модульный ПЛК,"Свыше 7""",12.24,12.17
800,800,300,1,0,7,7,1,2,0,2,0,1,0,7,0,0,4,2,0,0,55,IP66,Нет,Нет,14.7,14.68
800,600,300,1,1,10,8,0,2,1,2,0,1,1,0,0,0,7,3,5,2,62,IP54,Компактный ПЛК,Нет,18.26,18.73
800,800,300,1,1,13,11,0,0,0,7,0,1,1,7,2,1,6,0,7,1,79,IP65,Модульный ПЛК,Нет,23.69,25.19
600,600,250,1,1,12,8,1,3,0,5,0,1,1,1,2,1,4,1,3,1,65,IP65,Компактный ПЛК,"Свыше 7""",20.41,18.61
600,400,250,1,0,11,12,0,4,1,6,0,1,1,3,2,1,7,2,0,0,79,IP65,Нет,"До 7""",20.66,18.82
800,600,300,1,0,15,10,1,8,1,0,0,1,1,2,2,1,4,3,10,2,83,IP54,Компактный ПЛК,"До 7""",21.44,22.19
600,400,250,1,0,14,8,0,5,1,0,0,1,0,8,0,0,0,4,11,2,80,IP21,Модульный ПЛК,Нет,19.63,20.26
800,600,300,1,0,14,10,1,6,1,0,0,1,1,7,2,1,2,5,8,2,77,IP65,Компактный ПЛК,Нет,19.64,20.66
800,800,300,1,0,6,6,0,4,2,0,0,0,1,4,1,1,3,5,0,0,57,IP65,Нет,Нет,11.16,10.33
800,800,300,1,0,9,7,1,3,1,1,0,1,0,5,0,0,3,2,9,3,89,IP21,Компактный ПЛК,Нет,19.11,20.08
600,600,250,1,0,5,3,1,2,0,0,0,1,1,1,0,0,2,1,0,0,25,IP66,Нет,"До 7""",7.57,7.98
1200,1000,400,1,0,17,12,0,9,1,1,0,1,1,2,0,0,6,1,9,2,113,IP65,Релейное,"До 7""",23.57,24.49
1000,800,300,1,0,6,6,0,3,1,0,0,1,0,0,2,1,4,1,0,0,34,IP54,Нет,"Свыше 7""",9.3,9.14
600,400,250,1,1,6,7,1,3,2,1,0,0,1,0,1,1,4,4,1,1,48,IP54,Компактный ПЛК,Нет,12.63,12.87
2000,800,600,1,0,7,5,0,0,1,1,0,1,1,1,1,1,1,2,7,1,43,IP54,Компактный ПЛК,"Свыше 7""",13.96,13.63
800,800,300,1,0,8,8,1,3,1,2,0,1,1,5,0,0,6,2,0,2,65,IP54,Релейное,"Свыше 7""",17.58,16.86
400,300,200,1,0,11,11,1,6,2,0,0,1,0,2,0,0,1,2,7,1,108,IP54,Компактный ПЛК,"Свыше 7""",20.56,19.95
600,600,250,1,1,6,4,1,2,1,0,0,1,1,2,0,0,4,5,7,1,47,IP54,Релейное,Нет,13.14,13.16
1200,1000,400,1,1,7,7,0,5,0,0,0,1,0,2,2,1,7,4,3,3,53,IP54,Компактный ПЛК,Нет,14.03,13.96
2000,800,600,1,1,8,7,0,1,1,2,0,1,1,3,0,0,0,5,3,3,40,IP21,Компактный ПЛК,"До 7""",16.44,16.47
800,800,300,1,0,4,3,1,0,2,1,0,0,1,1,0,0,3,5,2,3,20,IP54,Компактный ПЛК,"До 7""",10.25,10.11
1200,1000,400,1,0,8,8,1,1,1,5,0,1,1,3,0,0,1,0,0,0,43,IP21,Нет,"До 7""",14.71,13.76
400,300,200,1,0,7,10,0,4,1,1,2,1,0,0,2,1,1,0,0,0,69,IP54,Нет,Нет,13.25,12.91
400,300,200,1,1,8,6,0,1,2,2,0,1,0,2,2,1,3,5,7,2,61,IP54,Компактный ПЛК,Нет,19.23,18.61
1200,1000,400,1,0,4,5,1,3,0,0,0,1,1,5,0,0,6,2,0,0,55,IP54,Нет,Нет,9.98,10.99
2000,800,600,1,0,11,11,1,2,0,7,0,0,1,6,0,0,1,2,0,0,81,IP54,Нет,Нет,18.9,18.44
1200,1000,400,1,1,12,7,1,6,1,0,0,1,1,1,0,0,4,4,8,2,90,IP54,Релейное,Нет,18.57,20.18
1000,800,300,1,0,7,6,1,1,0,1,0,1,1,5,2,1,5,5,0,0,37,IP54,Нет,Нет,10.62,9.77
800,600,300,1,0,8,6,0,3,2,0,0,1,0,2,2,1,6,2,0,0,46,IP21,Нет,"Свыше 7""",11.12,11.9
600,400,250,1,0,12,10,0,7,2,0,0,0,1,9,2,1,2,1,9,3,128,IP65,Компактный ПЛК,Нет,23.43,23.89
600,400,250,1,1,8,7,0,2,0,2,0,1,1,4,0,0,1,3,0,0,57,IP21,Нет,"До 7""",14.96,15.36
2000,800,600,1,1,11,12,0,6,0,3,0,1,1,5,1,1,2,2,0,0,73,IP54,Нет,"До 7""",19.02,21.82
600,400,250,1,0,9,6,0,2,2,4,0,1,0,2,1,1,0,0,0,0,39,IP54,Нет,Нет,13.06,13.48
1000,800,300,1,1,2,5,1,0,1,0,0,1,1,0,1,1,2,4,0,0,23,IP65,Нет,"До 7""",7.92,8.36
1000,800,300,1,0,4,2,0,2,1,0,0,1,1,1,1,1,4,3,0,0,23,IP54,Нет,"Свыше 7""",7.83,8.52
600,600,250,1,1,6,3,1,0,2,1,0,1,1,0,2,1,2,3,0,0,16,IP65,Нет,"Свыше 7""",8.83,8.96
2000,800,600,1,0,13,8,1,0,2,5,0,0,1,2,2,1,5,4,10,1,59,IP54,Релейное,"До 7""",22.29,25.42
800,600,300,1,0,8,8,0,3,2,2,0,1,1,4,0,0,1,3,0,0,56,IP21,Нет,"До 7""",15.39,15.19
600,400,250,1,0,10,6,0,3,2,1,0,0,1,0,1,1,1,5,5,3,51,IP54,Компактный ПЛК,Нет,14.53,14.7
400,300,200,1,0,12,8,0,3,1,2,0,1,0,0,0,0,5,3,10,1,55,IP54,Компактный ПЛК,"До 7""",20.11,21.26
600,600,250,1,0,10,8,0,6,0,0,1,0,1,2,0,0,6,0,0,0,52,IP66,Нет,"Свыше 7""",12.36,13.44
2000,800,600,1,0,8,4,0,2,1,0,0,1,1,2,0,0,5,2,11,2,59,IP66,Компактный ПЛК,Нет,15.98,18.81
600,400,250,1,0,10,9,1,6,1,0,0,1,0,8,0,0,4,3,5,2,87,IP54,Компактный ПЛК,Нет,17.79,17.83
2000,800,600,1,1,10,7,0,3,0,2,0,1,1,4,0,0,7,0,7,3,53,IP65,Компактный ПЛК,"До 7""",19.25,20.05
400,300,200,1,1,13,10,1,7,0,0,0,1,0,6,0,0,6,0,4,3,73,IP65,Компактный ПЛК,Нет,16.65,17.61
600,600,250,1,0,9,12,1,6,0,3,0,1,1,1,1,1,4,0,0,0,68,IP66,Нет,"До 7""",18.39,17.95
800,800,300,1,0,10,11,0,2,2,5,0,1,1,6,0,0,2,5,2,3,60,IP66,Компактный ПЛК,Нет,20.2,21.06
1200,1000,400,1,1,11,10,1,3,1,5,0,0,1,10,0,0,0,5,0,1,93,IP54,Компактный ПЛК,"До 7""",22.04,22.28
800,600,300,1,0,10,7,1,6,2,0,0,1,1,2,0,0,2,0,0,0,67,IP21,Нет,"Свыше 7""",12.8,12.92
600,600,250,1,1,10,6,1,1,1,0,0,1,1,4,0,0,3,1,8,1,64,IP66,Компактный ПЛК,"До 7""",16.51,18.96
800,600,300,1,0,13,10,1,1,0,7,0,1,1,7,1,1,0,4,0,2,65,IP65,Модульный ПЛК,"До 7""",20.75,24.44
2000,800,600,1,0,10,9,0,5,0,0,0,1,1,3,0,0,6,0,2,2,82,IP54,Модульный ПЛК,"Свыше 7""",16.16,17.05
800,600,300,1,0,15,10,1,8,2,0,0,1,1,9,0,0,5,3,4,3,103,IP21,Релейное,"До 7""",20.86,19.46
1000,800,300,1,1,9,10,0,7,2,0,0,1,1,4,2,1,2,2,3,3,93,IP21,Релейное,"До 7""",18.71,17.25
800,800,300,1,0,6,8,0,3,1,0,0,1,1,4,0,0,4,5,0,0,53,IP54,Нет,Нет,10.72,10.81
400,300,200,1,0,10,9,1,3,0,3,0,1,0,0,2,1,6,5,6,3,69,IP66,Компактный ПЛК,"До 7""",22.2,22.02
600,400,250,1,0,8,8,0,7,1,0,0,1,1,5,1,1,0,2,0,3,64,IP21,Компактный ПЛК,Нет,13.58,12.33
1200,1000,400,1,1,5,5,1,4,2,1,2,1,0,4,2,1,6,1,1,3,58,IP21,Компактный ПЛК,"До 7""",15.76,18.2
1200,1000,400,1,0,15,9,0,9,2,0,0,1,1,6,1,1,4,3,9,3,93,IP54,Компактный ПЛК,"До 7""",22.27,24.14
600,400,250,1,0,8,6,1,4,0,0,0,1,1,7,1,1,2,1,0,0,63,IP66,Нет,Нет,11.99,12.22
800,800,300,1,1,8,8,0,4,1,3,0,1,1,8,1,1,4,2,1,1,77,IP65,Компактный ПЛК,"До 7""",19.94,17.84
600,600,250,1,0,13,12,0,3,2,6,0,1,1,3,0,0,1,5,0,0,67,IP54,Нет,"До 7""",19.32,19.65
600,600,250,1,0,14,8,1,6,1,0,0,1,1,8,0,0,7,2,10,3,111,IP21,Компактный ПЛК,Нет,22.27,23.0
1000,800,300,1,0,6,6,1,3,1,3,0,1,1,6,0,0,0,4,0,0,59,IP65,Нет,"До 7""",15.95,15.91
1000,800,300,1,0,14,10,0,9,2,0,0,1,1,2,1,1,2,0,5,3,81,IP21,Модульный ПЛК,"Свыше 7""",19.29,18.92
800,800,300,1,0,11,9,1,0,0,7,0,1,1,4,0,0,6,1,0,0,43,IP54,Нет,Нет,15.48,15.59
600,600,250,1,1,6,5,1,3,0,1,0,1,0,0,1,1,3,0,0,0,37,IP66,Нет,"До 7""",10.48,10.25
400,300,200,0,0,3,5,0,2,1,1,0,1,0,2,1,1,5,4,0,0,39,IP21,Нет,"До 7""",9.93,10.15
1000,800,300,0,0,6,2,0,1,2,0,0,1,0,1,0,0,0,0,7,1,32,IP54,Релейное,"До 7""",9.96,10.35
800,800,300,1,0,9,9,1,6,2,0,0,1,1,1,1,1,7,0,1,1,71,IP21,Компактный ПЛК,Нет,14.22,12.59
1200,1000,400,1,0,11,7,0,6,0,1,0,1,1,4,0,0,5,1,9,3,90,IP21,Модульный ПЛК,"До 7""",20.73,20.29
400,300,200,1,0,7,8,0,5,1,1,0,0,0,1,0,0,5,3,0,3,70,IP65,Компактный ПЛК,Нет,13.74,14.13
400,300,200,1,1,10,6,1,3,1,3,0,1,0,3,2,1,0,4,8,2,67,IP54,Компактный ПЛК,Нет,20.88,20.77
800,600,300,1,1,3,5,0,1,2,0,0,1,1,3,0,0,1,1,1,1,30,IP21,Компактный ПЛК,Нет,8.5,8.54
600,400,250,1,0,10,9,0,4,1,2,0,1,1,4,0,0,1,3,0,0,59,IP65,Нет,"До 7""",15.95,14.29
1200,1000,400,1,0,12,12,1,4,2,4,1,1,1,5,2,1,1,4,0,0,96,IP54,Нет,Нет,21.33,21.26
2000,800,600,1,1,8,8,1,4,0,2,0,1,0,7,1,1,5,0,4,3,60,IP66,Компактный ПЛК,"До 7""",20.13,23.88
1000,800,300,1,0,9,9,1,3,0,3,1,1,0,6,2,1,3,2,1,3,83,IP54,Компактный ПЛК,"До 7""",20.85,22.17
1200,1000,400,1,0,10,11,1,7,2,0,0,0,1,2,2,1,4,3,1,1,94,IP65,Компактный ПЛК,Нет,16.99,16.44
400,300,200,1,0,9,5,1,1,2,1,0,1,0,4,1,1,1,2,7,2,45,IP54,Модульный ПЛК,Нет,14.6,14.33
800,600,300,1,0,11,8,1,5,1,0,0,1,0,1,0,0,7,2,5,3,75,IP54,Релейное,"До 7""",16.52,15.86
600,600,250,1,0,9,9,0,3,0,5,0,1,1,5,0,0,4,2,1,2,56,IP54,Модульный ПЛК,Нет,17.85,19.24
600,600,250,0,1,10,10,0,9,2,0,0,1,0,2,0,0,2,3,2,3,75,IP54,Компактный ПЛК,Нет,15.69,15.29
800,600,300,1,1,10,13,0,6,0,3,0,1,1,0,2,1,0,0,1,3,99,IP65,Компактный ПЛК,Нет,21.15,20.62
800,600,300,1,0,10,6,1,5,0,0,0,0,1,1,2,1,4,4,8,3,54,IP21,Компактный ПЛК,Нет,15.75,16.19
1000,800,300,1,0,8,4,1,0,1,1,0,0,1,4,1,1,5,5,10,1,43,IP54,Компактный ПЛК,"До 7""",16.02,17.28
600,600,250,1,1,4,3,1,2,2,0,0,1,0,2,0,0,5,5,2,3,34,IP54,Компактный ПЛК,"До 7""",11.44,12.7
800,800,300,1,1,14,10,0,5,0,1,0,1,1,0,1,1,2,4,9,3,101,IP54,Компактный ПЛК,"Свыше 7""",22.57,22.96
1000,800,300,1,0,15,8,0,3,0,4,0,1,1,0,1,1,4,4,10,2,79,IP21,Релейное,"До 7""",23.45,23.1
1200,1000,400,1,0,6,2,0,0,2,0,0,1,0,0,0,0,6,1,2,2,14,IP21,Релейное,"Свыше 7""",7.8,7.94
800,800,300,1,0,8,3,1,2,0,0,0,1,1,2,1,1,0,5,7,1,38,IP54,Компактный ПЛК,"До 7""",13.1,13.14
1000,800,300,1,0,5,5,1,1,0,1,0,1,1,5,1,1,6,4,1,1,40,IP66,Модульный ПЛК,Нет,12.36,13.36
800,800,300,1,1,12,5,0,2,2,2,0,1,1,4,0,0,3,5,9,2,63,IP65,Модульный ПЛК,"Свыше 7""",21.82,41.39
1000,800,300,1,1,9,8,0,5,1,0,0,0,1,2,2,1,7,1,0,0,46,IP54,Нет,Нет,10.8,11.3
800,600,300,1,0,8,9,0,1,0,5,0,1,0,3,2,1,2,2,0,1,61,IP21,Модульный ПЛК,Нет,17.09,19.19
1000,800,300,1,0,12,12,1,3,0,6,0,1,0,7,2,1,3,0,0,2,62,IP65,Компактный ПЛК,"До 7""",20.01,19.92
400,300,200,1,0,8,2,1,0,2,0,0,0,0,2,0,0,4,1,6,3,35,IP66,Релейное,"До 7""",11.79,12.35
1000,800,300,1,0,11,9,1,1,2,6,0,1,1,9,0,0,3,3,0,0,78,IP54,Нет,Нет,19.0,18.51
400,300,200,1,0,11,10,0,7,2,0,0,1,0,3,2,1,6,0,4,2,76,IP54,Модульный ПЛК,"До 7""",17.76,17.18
2000,800,600,1,0,6,5,1,3,0,0,1,1,1,2,2,1,4,5,0,2,47,IP54,Релейное,"До 7""",12.22,11.57
800,600,300,0,1,9,3,1,1,0,0,0,1,1,1,0,0,4,3,9,1,34,IP21,Компактный ПЛК,"Свыше 7""",13.15,13.56
2000,800,600,1,0,13,7,0,5,0,1,1,1,1,3,0,0,1,0,7,3,70,IP21,Релейное,"До 7""",17.48,18.94
1000,800,300,1,0,17,11,0,9,1,1,0,1,0,0,2,1,0,2,10,3,102,IP65,Компактный ПЛК,"До 7""",23.43,20.99
800,800,300,1,1,7,6,1,1,1,1,0,1,0,0,0,0,2,2,7,2,52,IP21,Релейное,"До 7""",14.6,14.42
800,600,300,1,0,7,6,1,6,0,0,0,1,0,6,2,1,6,4,2,1,67,IP54,Релейное,Нет,14.25,12.98
800,600,300,1,1,4,3,0,3,1,0,0,1,0,1,0,0,0,4,1,1,39,IP54,Компактный ПЛК,"До 7""",9.96,9.91
2000,800,600,1,0,17,10,1,9,0,0,0,1,1,7,2,1,1,2,11,2,109,IP65,Модульный ПЛК,Нет,23.71,23.89
600,400,250,1,0,8,4,1,1,1,1,0,1,1,3,1,1,5,4,6,1,41,IP21,Компактный ПЛК,"До 7""",14.36,14.11
2000,800,600,1,1,6,4,0,1,1,0,0,0,0,0,2,1,5,1,3,2,29,IP21,Компактный ПЛК,"До 7""",10.29,9.17
400,300,200,1,0,12,10,0,6,2,0,0,1,0,6,2,1,6,1,8,2,107,IP54,Компактный ПЛК,"Свыше 7""",22.12,22.35
800,800,300,1,0,11,10,0,2,1,5,0,1,1,5,2,1,7,0,3,2,73,IP65,Модульный ПЛК,Нет,20.77,22.11
600,600,250,1,0,15,10,0,1,0,6,0,1,0,5,0,0,5,5,8,3,64,IP54,Модульный ПЛК,"До 7""",23.49,25.54
2000,800,600,0,0,10,9,1,4,1,1,0,1,1,3,0,0,1,3,7,3,68,IP21,Компактный ПЛК,"До 7""",17.7,19.43
1000,800,300,1,0,5,5,0,0,2,0,0,1,1,2,0,0,1,3,0,0,24,IP65,Нет,Нет,6.64,6.6
1200,1000,400,1,0,5,5,1,3,1,0,0,0,1,3,0,0,7,4,5,1,54,IP66,Компактный ПЛК,Нет,13.61,16.29
800,800,300,1,0,2,2,0,1,0,0,0,0,0,0,2,1,7,2,0,0,18,IP54,Нет,"До 7""",6.31,6.31
1000,800,300,1,1,6,7,1,3,0,1,1,0,1,5,1,1,0,2,2,1,54,IP21,Модульный ПЛК,"Свыше 7""",14.95,15.53
600,400,250,1,0,12,13,0,7,2,1,0,1,1,7,1,1,2,0,0,3,118,IP66,Релейное,"До 7""",21.17,19.87
1200,1000,400,1,0,10,8,0,5,1,2,0,0,0,1,0,0,6,5,2,1,55,IP54,Компактный ПЛК,"До 7""",17.36,16.92
800,800,300,1,0,9,7,1,4,1,0,0,1,1,0,1,1,6,3,0,0,37,IP54,Нет,Нет,9.75,9.8
800,800,300,1,0,8,9,1,7,1,0,0,1,1,3,0,0,3,3,0,1,89,IP65,Модульный ПЛК,"Свыше 7""",16.65,16.85
800,600,300,1,0,16,10,0,9,1,0,7,1,0,1,2,1,3,2,8,3,105,IP54,Компактный ПЛК,Нет,24.33,22.66
2000,800,600,1,1,10,11,0,6,2,0,0,0,1,3,2,1,7,3,5,3,106,IP54,Релейное,"До 7""",20.76,21.19
800,800,300,1,1,5,6,1,1,0,1,0,1,0,0,0,0,2,2,3,2,32,IP65,Релейное,"До 7""",11.08,10.75
600,600,250,1,0,9,5,0,3,0,1,0,1,0,5,0,0,5,0,4,2,58,IP54,Релейное,Нет,13.12,13.0
2000,800,600,1,0,2,4,1,2,1,0,0,1,1,2,0,0,7,1,0,0,28,IP65,Нет,Нет,7.16,7.42
400,300,200,1,0,6,4,0,3,0,1,0,1,0,3,0,0,7,2,4,3,48,IP54,Компактный ПЛК,"До 7""",13.61,14.26
2000,800,600,1,0,5,5,0,1,1,1,0,0,1,2,0,0,0,1,5,2,53,IP65,Модульный ПЛК,"До 7""",13.46,13.96
600,600,250,1,1,5,5,1,2,1,0,0,0,1,1,2,1,6,4,4,2,46,IP65,Компактный ПЛК,Нет,12.69,12.57
2000,800,600,1,0,6,4,1,2,2,0,0,1,1,0,0,0,1,3,7,1,52,IP21,Модульный ПЛК,"До 7""",14.03,15.29
800,600,300,1,0,8,10,0,0,0,5,0,1,1,3,2,1,4,1,0,0,66,IP65,Нет,"Свыше 7""",17.49,18.18
800,800,300,1,1,5,3,1,0,2,0,0,1,1,1,1,1,0,5,6,2,40,IP65,Релейное,"До 7""",12.71,12.85
1000,800,300,1,1,9,8,1,4,1,0,1,1,1,5,1,1,4,0,1,2,61,IP54,Модульный ПЛК,"До 7""",15.05,15.29
1200,1000,400,1,0,15,8,0,6,2,0,0,1,0,1,0,0,2,0,10,1,68,IP21,Компактный ПЛК,"До 7""",17.59,20.37
600,400,250,1,0,8,8,1,2,1,2,1,1,1,5,1,1,1,0,0,0,66,IP21,Нет,"До 7""",16.4,16.82
600,600,250,1,0,6,3,0,2,2,1,0,1,1,2,0,0,5,4,1,2,27,IP21,Компактный ПЛК,"До 7""",10.79,11.39
600,400,250,1,0,6,4,0,1,0,0,0,1,1,2,0,0,7,4,7,1,34,IP54,Компактный ПЛК,"До 7""",12.35,13.56
2000,800,600,1,0,8,7,1,3,2,0,0,1,1,4,1,1,3,3,2,1,70,IP21,Релейное,Нет,13.76,16.22
800,800,300,1,1,14,12,1,6,0,2,3,1,0,7,0,0,2,1,9,2,103,IP66,Компактный ПЛК,Нет,27.0,27.57
800,800,300,1,0,11,7,1,4,0,0,0,1,1,6,1,1,0,1,11,1,99,IP65,Модульный ПЛК,"До 7""",20.84,21.76
2000,800,600,1,0,13,8,1,2,2,3,1,1,1,2,0,0,1,3,8,3,74,IP54,Компактный ПЛК,Нет,21.69,33.62
600,400,250,1,0,7,8,0,4,2,2,0,1,1,6,2,1,0,1,0,0,79,IP54,Нет,Нет,16.88,16.67
800,600,300,1,0,9,5,1,2,0,1,0,1,1,2,2,1,2,5,7,1,57,IP66,Компактный ПЛК,Нет,16.09,16.21
400,300,200,0,0,12,10,0,2,2,7,0,1,0,10,0,0,3,5,7,1,84,IP54,Компактный ПЛК,"Свыше 7""",24.93,34.5
800,600,300,1,0,6,5,1,3,1,0,0,0,1,0,1,1,0,2,0,3,38,IP65,Модульный ПЛК,"До 7""",10.63,10.38
2000,800,600,1,0,9,3,0,1,1,0,0,0,0,3,1,1,2,4,10,1,47,IP54,Компактный ПЛК,"До 7""",14.51,16.8
800,600,300,1,1,9,4,1,4,0,0,0,1,0,5,0,0,7,0,6,3,69,IP65,Компактный ПЛК,"До 7""",15.93,14.02
2000,800,600,1,0,12,8,0,3,2,3,1,1,1,5,2,1,2,5,8,2,59,IP54,Компактный ПЛК,Нет,21.63,23.46
800,600,300,1,0,15,11,0,3,1,6,0,1,0,1,1,1,5,3,6,3,73,IP65,Модульный ПЛК,Нет,22.9,23.06
800,800,300,1,0,7,5,0,3,2,0,0,1,1,4,0,0,5,2,0,2,43,IP65,Релейное,Нет,10.04,9.68
400,300,200,1,1,6,6,0,1,2,1,0,1,0,3,0,0,1,3,5,1,58,IP54,Релейное,"До 7""",14.3,14.6
800,600,300,1,1,9,4,0,3,2,0,0,1,0,1,1,1,7,0,4,1,46,IP54,Релейное,"До 7""",12.42,12.61
800,600,300,1,0,12,9,1,2,1,3,0,0,0,6,0,0,4,5,7,2,69,IP54,Релейное,"До 7""",21.26,21.66
600,600,250,1,0,7,7,0,4,2,1,0,1,1,1,2,1,5,0,4,2,47,IP54,Модульный ПЛК,"До 7""",14.92,14.21
400,300,200,1,1,13,11,1,6,0,0,0,1,0,4,2,1,6,5,8,2,84,IP65,Компактный ПЛК,"До 7""",20.95,21.87
1000,800,300,1,0,10,3,1,0,2,1,0,1,1,0,1,1,1,4,8,1,27,IP54,Компактный ПЛК,Нет,12.61,13.21
800,800,300,0,0,12,10,0,6,2,1,0,1,1,6,2,1,7,3,2,2,71,IP66,Компактный ПЛК,Нет,17.5,19.13
600,600,250,1,0,5,4,0,1,2,0,0,0,1,1,1,1,3,3,0,0,28,IP54,Нет,Нет,7.17,6.95
800,800,300,1,0,4,4,1,0,0,1,0,1,0,1,0,0,0,4,1,3,21,IP65,Компактный ПЛК,"До 7""",9.33,9.2
400,300,200,1,1,8,8,0,1,0,6,0,0,0,7,0,0,2,2,0,1,53,IP21,Релейное,"До 7""",16.8,17.36
600,400,250,1,0,14,11,0,7,1,0,4,1,0,5,1,1,2,4,7,2,84,IP54,Модульный ПЛК,"До 7""",22.03,20.38
800,600,300,1,0,11,9,0,3,2,3,0,1,0,7,2,1,5,4,4,1,65,IP66,Компактный ПЛК,"До 7""",21.39,22.57
1200,1000,400,1,1,2,2,1,0,1,0,0,1,1,0,1,1,0,3,0,0,16,IP21,Нет,Нет,5.72,5.81
600,600,250,1,1,10,10,0,9,0,0,0,1,1,0,1,1,2,2,1,1,85,IP65,Модульный ПЛК,Нет,16.03,15.46
400,300,200,1,0,15,10,1,5,2,3,0,1,0,0,0,0,6,3,11,3,103,IP21,Модульный ПЛК,Нет,26.18,28.23
600,400,250,1,1,11,10,1,8,2,0,0,0,1,2,1,1,2,0,7,3,95,IP66,Компактный ПЛК,Нет,20.32,21.07
800,800,300,1,0,11,6,0,5,1,0,0,1,1,5,2,1,1,3,9,2,65,IP54,Компактный ПЛК,Нет,17.07,19.82
1000,800,300,1,0,10,5,1,1,2,3,0,1,1,2,2,1,6,4,5,1,38,IP54,Компактный ПЛК,Нет,17.01,17.55
800,600,300,1,0,11,8,1,6,1,0,0,0,0,3,0,0,0,3,10,3,101,IP54,Компактный ПЛК,Нет,19.91,20.22
600,600,250,1,0,7,8,1,2,1,1,0,1,1,1,0,0,0,2,0,0,59,IP21,Нет,Нет,11.01,10.27
600,400,250,1,1,10,10,1,7,0,0,0,1,1,1,2,1,7,2,0,3,70,IP21,Модульный ПЛК,Нет,15.54,14.5
600,600,250,1,0,4,3,1,2,1,0,1,1,1,3,0,0,5,5,1,3,31,IP65,Модульный ПЛК,"До 7""",11.41,10.34
1200,1000,400,1,1,9,9,1,5,1,0,0,1,0,8,0,0,1,4,3,2,64,IP54,Релейное,Нет,14.87,15.82
600,600,250,1,0,16,11,1,6,0,0,0,1,1,8,0,0,4,3,10,1,94,IP54,Компактный ПЛК,"Свыше 7""",22.04,23.28
800,600,300,1,0,7,7,0,2,2,3,0,1,0,1,0,0,4,1,0,0,46,IP65,Нет,"Свыше 7""",14.28,14.23
400,300,200,1,0,8,8,1,3,2,1,0,1,0,2,0,0,5,5,0,0,63,IP66,Нет,"Свыше 7""",14.38,15.73
1000,800,300,1,0,7,5,0,2,0,1,0,1,1,4,0,0,2,5,9,3,64,IP54,Релейное,"Свыше 7""",17.4,16.93
400,300,200,1,1,13,12,1,1,0,6,0,1,0,4,1,1,0,5,6,1,97,IP54,Компактный ПЛК,Нет,24.11,22.83
2000,800,600,1,1,9,8,1,2,0,4,0,1,1,8,1,1,3,0,0,3,73,IP66,Релейное,Нет,19.01,19.35
1200,1000,400,1,0,9,10,1,3,1,5,0,1,0,9,2,1,3,2,1,3,73,IP65,Модульный ПЛК,"До 7""",21.64,23.21
800,600,300,1,1,17,12,1,4,0,4,0,0,1,4,2,1,5,5,11,2,96,IP21,Компактный ПЛК,Нет,26.98,30.34
800,800,300,1,0,6,3,0,2,2,0,0,1,1,3,1,1,0,5,3,1,34,IP54,Модульный ПЛК,Нет,10.81,10.23
1200,1000,400,1,0,10,11,1,4,2,3,0,1,1,7,0,0,6,2,0,0,63,IP21,Нет,"До 7""",18.09,18.06
800,600,300,1,0,2,2,1,1,1,0,0,1,0,2,0,0,5,4,0,0,26,IP21,Нет,Нет,6.63,6.75
2000,800,600,1,1,3,6,1,1,2,0,0,1,1,4,0,0,7,5,1,1,43,IP21,Компактный ПЛК,Нет,11.22,11.17
800,600,300,1,0,8,6,1,4,1,0,0,1,1,0,2,1,2,2,6,2,58,IP54,Модульный ПЛК,"До 7""",15.57,16.01
800,800,300,1,0,9,5,0,2,2,0,0,1,1,3,0,0,6,4,11,1,74,IP65,Компактный ПЛК,Нет,17.28,18.36
1200,1000,400,1,1,8,6,0,3,0,2,0,1,0,0,0,0,7,0,4,2,60,IP66,Компактный ПЛК,"До 7""",17.97,19.35
600,600,250,1,0,8,3,1,1,2,0,0,1,0,1,2,1,0,1,9,1,41,IP65,Релейное,"Свыше 7""",13.57,13.67
600,600,250,1,0,13,13,1,8,2,0,1,1,0,6,0,0,4,3,6,2,105,IP21,Компактный ПЛК,"До 7""",22.14,20.02
800,800,300,1,0,16,12,0,5,1,3,0,1,1,0,1,1,4,4,8,3,108,IP54,Компактный ПЛК,"До 7""",26.31,26.96
800,600,300,1,0,11,10,1,8,0,0,0,1,1,10,2,1,6,4,1,2,99,IP54,Компактный ПЛК,"До 7""",19.68,19.5
2000,800,600,1,0,17,11,1,6,0,3,0,1,1,1,0,0,2,4,11,1,111,IP54,Релейное,Нет,25.91,27.1
2000,800,600,1,0,7,7,1,0,0,2,0,1,1,5,2,1,0,1,3,2,58,IP54,Модульный ПЛК,Нет,16.7,18.18
1200,1000,400,1,0,12,7,1,6,2,0,0,1,0,7,2,1,3,1,6,2,76,IP65,Модульный ПЛК,Нет,17.78,18.68
2000,800,600,1,0,13,8,1,7,2,0,0,1,1,0,1,1,4,0,4,2,65,IP66,Компактный ПЛК,Нет,15.94,17.43
1200,1000,400,1,0,8,7,1,4,2,2,0,1,1,5,2,1,4,4,0,2,56,IP21,Релейное,"Свыше 7""",17.96,19.57
800,800,300,1,0,10,4,0,4,1,0,0,1,1,4,0,0,0,5,7,3,54,IP21,Компактный ПЛК,Нет,14.55,15.02
800,600,300,1,1,8,4,0,0,1,2,0,1,1,3,1,1,1,1,2,1,30,IP65,Модульный ПЛК,Нет,13.33,16.49
600,600,250,1,0,8,4,0,3,0,0,0,1,1,1,0,0,3,1,3,2,32,IP21,Релейное,"Свыше 7""",10.39,9.72
600,600,250,1,0,11,9,1,5,1,1,0,1,1,7,0,0,5,1,1,1,67,IP21,Компактный ПЛК,"До 7""",15.73,15.75
600,600,250,1,1,6,4,1,2,1,2,0,1,1,2,1,1,0,2,3,3,39,IP21,Компактный ПЛК,Нет,15.1,14.54
800,600,300,1,0,5,5,1,0,2,0,0,1,1,1,1,1,0,3,0,0,29,IP21,Нет,"До 7""",8.27,8.43
400,300,200,1,0,14,10,1,4,1,3,0,1,0,7,1,1,6,3,9,2,72,IP54,Релейное,"До 7""",23.65,25.83
1000,800,300,1,1,9,10,1,8,1,0,0,1,0,4,2,1,1,1,0,0,69,IP54,Нет,Нет,13.62,14.07
1200,1000,400,1,1,8,6,1,1,2,1,0,0,1,0,0,0,5,0,2,1,33,IP54,Релейное,"До 7""",10.91,10.92
800,800,300,1,1,13,13,1,8,2,2,0,0,1,10,0,0,4,2,7,1,116,IP54,Компактный ПЛК,"До 7""",27.11,27.01
600,600,250,1,0,8,6,1,2,2,1,0,0,1,4,0,0,4,5,6,3,66,IP65,Релейное,"Свыше 7""",17.1,16.87
2000,800,600,1,0,11,12,0,8,2,0,0,1,1,11,2,1,4,5,0,0,116,IP66,Нет,"До 7""",20.73,21.51
1000,800,300,1,1,6,6,1,0,1,1,0,0,1,3,2,1,2,0,7,1,62,IP54,Компактный ПЛК,"До 7""",15.66,15.0
800,600,300,1,1,13,13,0,2,1,7,1,1,1,4,0,0,0,0,0,0,89,IP21,Нет,Нет,20.28,21.24
800,600,300,1,0,9,8,1,4,0,0,0,1,1,4,0,0,5,4,0,0,49,IP21,Нет,Нет,10.8,10.31
600,600,250,1,1,11,7,0,4,0,0,0,1,1,5,1,1,6,2,8,2,73,IP54,Компактный ПЛК,"До 7""",18.12,17.97
1000,800,300,1,1,10,7,1,5,1,0,2,0,1,2,2,1,6,3,6,3,78,IP54,Релейное,Нет,18.09,16.71
1200,1000,400,1,0,11,8,1,6,2,1,1,1,1,0,1,1,2,0,6,3,67,IP65,Релейное,"Свыше 7""",18.18,17.07
800,600,300,1,1,7,4,0,1,1,0,0,1,1,0,0,0,6,3,11,3,38,IP65,Модульный ПЛК,Нет,14.46,16.07
2000,800,600,1,0,8,7,0,1,1,2,0,1,0,5,2,1,0,2,9,1,63,IP65,Модульный ПЛК,Нет,19.58,25.49
1000,800,300,0,0,12,10,0,7,1,0,0,1,1,0,0,0,5,3,0,1,63,IP54,Релейное,"До 7""",13.32,13.09
800,800,300,1,0,8,10,0,6,1,0,0,1,0,7,0,0,7,0,0,0,98,IP66,Нет,Нет,15.37,14.26
600,400,250,1,0,6,4,1,2,1,2,0,1,1,4,2,1,0,2,5,1,50,IP21,Модульный ПЛК,Нет,16.78,19.84
2000,800,600,1,0,6,5,0,2,1,1,0,1,1,2,0,0,2,1,7,2,48,IP66,Компактный ПЛК,Нет,14.01,14.65
600,600,250,1,1,14,10,0,7,2,0,6,1,1,1,2,1,2,3,9,3,93,IP54,Компактный ПЛК,Нет,23.6,24.43
800,800,300,1,0,9,7,0,2,0,1,0,1,0,2,0,0,1,3,5,3,53,IP54,Компактный ПЛК,Нет,13.71,14.88
800,800,300,1,0,8,5,0,2,2,3,0,1,0,6,0,0,2,2,7,1,67,IP65,Релейное,"До 7""",19.36,18.41
2000,800,600,1,0,2,2,0,1,1,0,0,1,1,0,2,1,7,4,0,0,16,IP54,Нет,"До 7""",7.15,7.12
800,600,300,1,1,10,9,0,6,0,0,0,1,0,4,0,0,4,2,5,2,68,IP21,Релейное,"До 7""",16.05,15.73
400,300,200,1,0,11,9,1,7,2,0,0,1,0,3,1,1,4,2,1,3,83,IP54,Модульный ПЛК,"До 7""",17.32,15.25
800,600,300,1,0,17,12,0,3,0,5,0,1,1,3,0,0,5,2,9,3,96,IP21,Релейное,Нет,24.74,26.78
1000,800,300,1,0,10,11,0,7,0,1,4,1,0,7,1,1,2,0,0,0,110,IP66,Нет,"До 7""",20.2,19.19
2000,800,600,1,0,7,6,0,1,0,3,0,1,0,4,2,1,3,3,0,1,42,IP54,Релейное,Нет,13.87,14.85
600,400,250,1,0,11,9,0,8,1,0,0,1,1,2,0,0,3,0,4,1,90,IP65,Компактный ПЛК,"Свыше 7""",17.56,18.73
1200,1000,400,1,0,14,8,1,6,2,0,0,1,1,8,0,0,7,1,11,1,80,IP65,Компактный ПЛК,Нет,19.89,20.84
600,400,250,1,0,13,5,0,4,1,0,0,0,1,5,1,1,2,4,10,2,54,IP21,Релейное,Нет,15.9,15.97
1200,1000,400,1,1,11,8,1,4,2,2,0,1,0,4,2,1,1,4,3,3,66,IP54,Релейное,Нет,19.25,19.27
800,800,300,1,0,3,2,0,1,1,0,0,1,1,2,0,0,4,3,0,0,25,IP54,Нет,Нет,6.29,6.15
1200,1000,400,1,0,9,9,0,6,2,0,0,1,1,6,0,0,5,3,0,0,73,IP54,Нет,Нет,13.44,14.05
600,400,250,1,0,11,11,0,8,0,0,0,0,1,0,2,1,4,5,0,0,65,IP65,Нет,Нет,13.3,13.83
800,800,300,1,0,15,11,0,6,1,0,0,1,1,6,1,1,5,1,8,1,108,IP54,Компактный ПЛК,"Свыше 7""",22.01,22.62
800,600,300,1,1,9,8,1,6,1,0,0,1,1,5,0,0,3,5,5,3,80,IP21,Компактный ПЛК,Нет,17.66,16.47
600,400,250,1,0,9,6,0,3,2,0,1,1,1,1,1,1,7,4,6,3,56,IP54,Компактный ПЛК,Нет,15.42,14.51
600,600,250,0,0,9,6,1,2,1,3,0,1,0,1,0,0,0,3,0,0,33,IP54,Нет,Нет,11.84,11.55
600,400,250,1,0,5,6,1,2,2,0,0,1,1,2,1,1,0,4,0,3,47,IP54,Релейное,"Свыше 7""",11.9,11.02
2000,800,600,0,1,12,12,0,8,1,0,0,0,1,1,0,0,1,5,1,1,68,IP54,Компактный ПЛК,Нет,14.41,16.37
800,600,300,1,1,11,9,0,3,0,4,0,1,1,4,2,1,1,1,6,3,88,IP65,Компактный ПЛК,Нет,22.31,21.08
800,800,300,1,1,14,9,0,6,1,1,6,1,1,8,0,0,7,1,5,2,78,IP54,Модульный ПЛК,Нет,21.51,23.0
800,800,300,1,0,10,13,0,9,1,1,0,1,0,6,1,1,5,0,0,0,95,IP65,Нет,Нет,16.96,15.89
1000,800,300,1,1,12,9,1,3,2,3,0,1,1,8,1,1,5,2,5,1,67,IP54,Компактный ПЛК,Нет,20.84,18.67
2000,800,600,1,1,5,5,0,1,2,0,0,1,0,0,1,1,6,4,0,0,32,IP65,Нет,"Свыше 7""",9.44,9.86
1000,800,300,1,1,11,9,1,1,1,3,0,1,1,7,0,0,2,3,11,2,66,IP54,Компактный ПЛК,"До 7""",23.05,23.42
800,600,300,1,1,8,5,0,2,2,0,0,1,1,2,2,1,2,5,8,3,47,IP65,Компактный ПЛК,"До 7""",15.88,17.08
2000,800,600,1,1,13,12,1,3,1,6,0,1,1,5,1,1,0,5,6,3,104,IP21,Компактный ПЛК,Нет,26.08,25.05
600,600,250,1,0,10,9,0,5,2,0,0,0,0,6,0,0,6,3,3,2,75,IP65,Модульный ПЛК,"Свыше 7""",16.93,17.19
400,300,200,1,0,10,10,1,4,2,2,0,0,0,0,0,0,0,0,1,2,49,IP54,Релейное,Нет,14.72,14.24
400,300,200,1,0,10,7,1,3,0,2,0,1,0,2,0,0,5,4,6,2,72,IP66,Компактный ПЛК,"До 7""",20.73,21.21
400,300,200,1,1,14,8,1,0,1,5,0,1,0,2,2,1,2,1,8,1,57,IP66,Компактный ПЛК,"Свыше 7""",22.18,25.61
600,400,250,1,1,13,6,1,4,0,0,0,1,0,4,0,0,5,5,10,1,87,IP54,Компактный ПЛК,Нет,18.93,18.6
400,300,200,1,0,8,8,0,0,0,5,0,1,0,6,1,1,4,5,3,2,55,IP66,Компактный ПЛК,"До 7""",19.61,20.7
1000,800,300,1,1,10,7,1,3,2,1,0,1,1,4,0,0,5,2,2,3,50,IP65,Релейное,Нет,13.73,14.38
2000,800,600,1,0,4,2,1,0,1,0,0,1,1,1,0,0,2,1,2,1,20,IP54,Модульный ПЛК,"До 7""",8.23,8.25
800,800,300,1,0,8,6,0,0,2,3,0,0,1,5,2,1,1,2,0,0,41,IP21,Нет,"Свыше 7""",14.32,14.86
800,600,300,1,1,11,11,0,8,2,0,6,1,1,6,2,1,7,3,0,0,104,IP21,Нет,"До 7""",21.28,20.3
400,300,200,1,1,8,7,0,4,1,2,2,1,0,4,2,1,4,1,0,3,43,IP65,Модульный ПЛК,Нет,16.69,18.16
600,600,250,1,1,12,11,1,8,2,0,0,1,1,8,2,1,5,0,4,1,120,IP54,Компактный ПЛК,Нет,21.37,19.83
2000,800,600,1,0,11,11,1,3,1,4,0,1,0,9,2,1,2,1,7,2,105,IP54,Компактный ПЛК,"До 7""",25.57,24.25
1000,800,300,1,1,10,8,0,5,1,0,0,1,1,5,0,0,1,3,6,1,96,IP54,Компактный ПЛК,Нет,17.86,17.09
600,400,250,1,0,10,12,0,7,0,0,0,1,0,1,0,0,4,5,0,0,83,IP54,Нет,"До 7""",14.91,13.23
800,800,300,1,1,5,6,0,1,0,1,0,1,0,3,1,1,3,0,4,2,60,IP65,Компактный ПЛК,"До 7""",14.13,16.27
1000,800,300,1,0,8,7,1,1,1,3,0,1,0,4,0,0,0,4,1,2,51,IP66,Релейное,Нет,15.82,15.66
600,600,250,1,1,11,10,0,4,1,3,0,1,1,3,1,1,2,2,5,2,60,IP54,Компактный ПЛК,"До 7""",20.41,19.27
1000,800,300,0,1,7,5,0,1,1,2,0,1,1,6,0,0,2,3,0,0,39,IP21,Нет,Нет,12.29,12.16
600,600,250,1,0,9,6,1,3,2,0,0,0,0,4,0,0,7,3,11,1,72,IP54,Компактный ПЛК,"До 7""",18.17,17.85
800,600,300,1,1,9,6,0,2,0,0,0,1,0,4,2,1,0,5,4,3,54,IP21,Компактный ПЛК,"Свыше 7""",14.8,14.47
1000,800,300,1,1,8,9,1,6,2,0,0,1,1,3,0,0,1,3,0,0,76,IP21,Нет,"До 7""",14.26,14.19
1200,1000,400,1,0,8,6,1,5,1,0,0,1,1,5,0,0,6,1,0,0,47,IP21,Нет,"Свыше 7""",11.43,10.76
600,400,250,1,0,8,11,1,7,2,0,0,1,1,2,1,1,3,5,0,0,95,IP54,Нет,Нет,15.96,16.4
600,600,250,1,1,11,4,1,3,2,1,0,1,0,0,1,1,3,3,10,1,58,IP21,Компактный ПЛК,Нет,16.78,19.12
600,400,250,1,0,2,5,0,2,0,0,0,1,1,0,1,1,6,5,0,0,31,IP54,Нет,Нет,7.92,8.27
600,400,250,1,1,6,3,1,0,2,1,0,0,0,4,0,0,1,2,6,3,34,IP54,Релейное,"Свыше 7""",12.92,13.1
600,600,250,1,1,14,8,0,7,0,0,0,1,1,7,1,1,4,1,7,1,90,IP54,Модульный ПЛК,Нет,19.23,19.98
1200,1000,400,1,0,4,2,0,1,1,0,0,1,1,1,0,0,1,5,3,2,20,IP65,Релейное,Нет,8.05,10.15
800,800,300,1,1,14,9,0,7,2,0,0,1,0,6,2,1,3,0,10,3,91,IP65,Релейное,"До 7""",21.45,20.93
600,400,250,1,0,9,6,0,4,1,2,0,1,1,1,1,1,6,0,1,3,57,IP21,Модульный ПЛК,"До 7""",17.23,18.99
800,600,300,1,0,9,6,0,4,0,0,0,1,1,1,1,1,2,3,0,0,53,IP66,Нет,"До 7""",11.52,12.12
1000,800,300,1,0,6,5,1,0,2,1,0,0,1,3,1,1,2,5,6,1,41,IP66,Модульный ПЛК,"До 7""",14.97,14.72
1200,1000,400,1,0,6,6,0,1,1,3,0,1,0,3,0,0,1,3,0,0,33,IP66,Нет,"До 7""",13.22,11.98
1200,1000,400,1,0,2,3,1,2,0,0,0,1,1,1,2,1,4,2,0,0,23,IP54,Нет,Нет,6.84,6.67
600,400,250,1,0,12,7,0,3,0,2,0,1,0,2,0,0,0,5,11,2,74,IP65,Релейное,"До 7""",21.72,22.12
1200,1000,400,1,0,9,5,0,2,1,0,0,1,0,0,0,0,6,1,9,1,59,IP65,Компактный ПЛК,Нет,14.04,22.0
600,400,250,1,1,3,4,1,1,1,0,0,1,1,1,0,0,4,4,0,1,30,IP65,Компактный ПЛК,"До 7""",9.29,8.97
800,800,300,1,0,3,4,1,0,0,1,0,0,0,2,0,0,7,0,0,1,23,IP65,Компактный ПЛК,"До 7""",8.2,8.12
800,800,300,1,0,14,11,0,7,1,1,0,1,0,6,1,1,5,1,11,2,109,IP54,Релейное,Нет,23.1,34.48
600,400,250,1,1,14,7,0,3,2,2,0,1,1,4,2,1,0,5,8,1,82,IP66,Компактный ПЛК,"До 7""",23.79,26.91
1200,1000,400,1,1,10,6,0,1,0,2,0,1,0,5,0,0,1,0,6,3,54,IP65,Компактный ПЛК,Нет,16.95,16.85
1200,1000,400,1,1,3,5,0,0,1,0,0,1,1,1,0,0,7,1,0,3,31,IP54,Компактный ПЛК,"До 7""",9.28,9.29
2000,800,600,1,0,10,13,1,7,0,3,0,1,1,4,0,0,2,4,0,0,103,IP66,Нет,"До 7""",22.02,22.46
600,400,250,1,0,7,2,0,0,1,0,0,1,1,1,0,0,2,3,7,3,24,IP65,Модульный ПЛК,"Свыше 7""",11.77,11.72
400,300,200,1,1,9,5,1,0,2,0,0,1,0,1,2,1,2,1,8,2,55,IP65,Компактный ПЛК,"До 7""",15.1,16.22
800,600,300,1,0,9,10,0,7,0,1,0,0,1,2,0,0,7,1,0,0,86,IP54,Нет,"До 7""",15.23,15.01
600,400,250,1,0,14,10,0,3,1,6,0,1,1,6,2,1,6,3,8,1,70,IP54,Компактный ПЛК,Нет,23.49,22.3
1000,800,300,1,0,8,6,1,6,1,0,0,1,1,4,1,1,3,4,3,2,51,IP66,Компактный ПЛК,Нет,14.35,15.62
600,600,250,1,0,10,8,1,4,2,0,0,0,1,1,0,0,3,1,3,1,60,IP65,Компактный ПЛК,"Свыше 7""",14.02,14.67
400,300,200,1,0,9,9,1,1,2,4,0,0,0,2,0,0,5,2,0,3,46,IP65,Модульный ПЛК,"Свыше 7""",17.1,19.46
800,600,300,1,0,11,9,1,0,1,7,0,1,0,7,2,1,2,5,3,3,64,IP54,Компактный ПЛК,"До 7""",21.87,21.44
400,300,200,1,0,12,10,0,9,0,0,0,1,0,9,1,1,0,4,1,2,109,IP21,Модульный ПЛК,"До 7""",19.82,18.22
1200,1000,400,1,0,11,11,0,9,2,0,0,0,0,5,0,0,0,4,2,2,100,IP65,Компактный ПЛК,Нет,17.79,17.78
800,800,300,1,0,11,11,0,7,1,0,0,1,0,6,1,1,3,4,2,1,102,IP66,Компактный ПЛК,Нет,18.71,18.82
400,300,200,1,0,7,5,0,0,1,1,0,0,0,1,0,0,4,0,6,1,41,IP66,Компактный ПЛК,"Свыше 7""",13.01,13.46
2000,800,600,1,0,17,12,1,1,1,7,0,1,1,3,2,1,1,1,10,2,85,IP65,Компактный ПЛК,Нет,25.41,27.79
400,300,200,1,0,15,11,0,3,0,6,0,1,0,6,0,0,1,0,10,2,79,IP65,Релейное,Нет,23.27,25.47
800,600,300,1,1,17,12,0,9,1,0,0,1,1,9,2,1,1,0,11,3,105,IP54,Компактный ПЛК,"До 7""",24.59,23.91
600,400,250,1,0,8,5,0,1,1,2,0,1,1,3,2,1,7,3,4,1,36,IP21,Компактный ПЛК,Нет,15.42,15.29
600,400,250,1,1,11,10,1,6,0,0,1,1,1,6,0,0,3,0,0,0,86,IP54,Нет,Нет,14.63,14.6
600,400,250,1,1,6,5,1,5,2,0,0,0,0,0,1,1,6,4,2,2,49,IP65,Компактный ПЛК,"До 7""",13.29,13.22
1200,1000,400,0,0,16,10,0,2,0,5,0,1,1,4,2,1,1,4,10,1,96,IP65,Модульный ПЛК,"До 7""",25.85,27.26
2000,800,600,1,0,5,6,1,3,2,0,0,1,1,1,0,0,1,2,0,0,37,IP66,Нет,Нет,8.93,9.83
800,800,300,1,0,6,5,1,2,1,2,0,1,1,2,0,0,4,0,3,3,46,IP21,Компактный ПЛК,"Свыше 7""",16.18,15.17
1200,1000,400,1,0,9,9,1,5,2,0,3,1,1,4,0,0,4,5,1,1,80,IP54,Модульный ПЛК,Нет,17.01,19.45
2000,800,600,1,0,5,5,0,2,1,0,0,0,0,4,0,0,3,1,2,3,51,IP54,Релейное,"Свыше 7""",11.53,11.94
2000,800,600,1,1,14,13,0,8,2,0,0,1,1,9,0,0,6,3,3,3,133,IP21,Релейное,"До 7""",23.3,23.76
600,600,250,1,0,11,5,0,3,0,2,0,1,1,2,0,0,2,1,9,3,61,IP54,Модульный ПЛК,"До 7""",20.0,21.56
800,800,300,1,1,7,4,1,0,2,0,0,0,0,3,1,1,6,3,7,2,51,IP65,Релейное,"Свыше 7""",14.53,14.13
600,400,250,0,0,15,11,0,8,2,2,0,1,1,11,0,0,0,5,9,1,106,IP54,Компактный ПЛК,"Свыше 7""",26.94,27.59
800,800,300,1,0,11,10,0,5,0,2,0,1,1,8,0,0,7,3,5,3,85,IP66,Релейное,Нет,22.14,21.17
2000,800,600,1,0,9,5,1,1,0,2,0,1,1,1,1,1,7,5,5,3,35,IP54,Релейное,Нет,15.98,16.85
600,400,250,1,0,15,13,0,9,2,1,0,1,1,2,0,0,5,3,7,3,94,IP65,Модульный ПЛК,"До 7""",22.73,23.25
2000,800,600,1,1,6,3,0,2,2,0,0,1,1,2,0,0,1,1,9,2,45,IP21,Компактный ПЛК,"До 7""",13.98,15.41
800,600,300,1,1,4,6,1,2,1,1,0,1,1,4,1,1,7,2,3,1,59,IP54,Релейное,Нет,13.87,12.64
600,600,250,1,1,9,4,1,1,0,0,0,1,0,3,1,1,5,0,8,1,40,IP66,Компактный ПЛК,Нет,13.34,16.18
800,800,300,1,0,10,9,1,5,0,2,0,1,1,8,0,0,4,4,0,3,84,IP66,Компактный ПЛК,Нет,20.18,20.88
600,400,250,1,1,14,13,0,5,1,5,0,1,1,2,0,0,4,0,4,2,77,IP65,Релейное,"Свыше 7""",22.43,21.25
800,600,300,1,0,7,4,1,2,0,0,1,1,1,5,2,1,2,0,0,0,42,IP21,Нет,"До 7""",10.01,9.89
2000,800,600,1,0,5,6,0,3,2,1,1,1,1,5,2,1,3,0,0,0,56,IP54,Нет,Нет,11.88,11.45
600,400,250,1,1,10,4,0,2,1,0,0,1,1,0,0,0,6,0,10,3,49,IP65,Компактный ПЛК,"До 7""",15.2,16.63
1200,1000,400,1,0,6,4,1,1,2,0,0,1,1,0,1,1,2,4,6,1,30,IP21,Модульный ПЛК,"До 7""",12.4,12.12
600,600,250,1,0,8,9,1,1,2,5,0,1,1,3,2,1,2,4,1,3,65,IP54,Компактный ПЛК,"До 7""",19.93,19.31
1000,800,300,1,1,13,12,1,10,1,0,0,1,0,6,0,0,2,3,6,3,132,IP21,Компактный ПЛК,"Свыше 7""",24.48,32.04
2000,800,600,1,1,13,10,0,6,0,4,0,1,1,1,1,1,5,2,6,3,68,IP21,Релейное,"До 7""",22.21,21.97
800,800,300,1,0,12,10,0,8,1,0,0,1,1,0,0,0,1,2,0,0,62,IP54,Нет,Нет,12.02,11.6
800,600,300,1,0,11,9,0,6,0,0,4,1,1,4,0,0,1,4,1,2,66,IP21,Компактный ПЛК,"До 7""",16.39,16.78
800,600,300,1,1,5,4,0,3,2,0,1,1,0,0,1,1,4,0,3,2,39,IP21,Компактный ПЛК,Нет,11.03,10.58
1200,1000,400,1,0,9,5,0,2,1,1,0,1,0,4,0,0,3,0,11,2,54,IP54,Модульный ПЛК,"До 7""",16.92,18.7
400,300,200,1,1,11,7,1,0,1,2,0,1,0,0,0,0,5,3,11,3,47,IP21,Компактный ПЛК,"Свыше 7""",20.39,23.2
600,400,250,1,1,13,10,0,7,2,2,0,1,1,1,2,1,3,1,3,1,70,IP21,Компактный ПЛК,"До 7""",20.5,20.0
600,600,250,1,1,10,11,1,9,2,0,0,1,0,4,2,1,1,3,0,1,86,IP65,Модульный ПЛК,Нет,17.14,17.56
1200,1000,400,1,0,16,11,1,6,2,2,0,1,1,0,2,1,1,5,10,2,97,IP54,Компактный ПЛК,"До 7""",26.27,27.29
2000,800,600,1,0,8,4,1,4,0,0,0,1,1,4,1,1,7,0,5,2,55,IP65,Модульный ПЛК,"До 7""",14.67,15.78
1200,1000,400,1,1,9,5,0,1,2,1,0,1,1,5,2,1,3,5,6,2,51,IP54,Релейное,Нет,15.23,16.05
400,300,200,1,1,13,11,0,8,2,0,0,1,0,0,0,0,0,1,2,2,93,IP65,Компактный ПЛК,Нет,16.59,17.13
800,600,300,1,0,9,6,1,3,1,0,0,0,1,2,1,1,7,4,3,3,56,IP54,Релейное,Нет,13.33,14.23
600,400,250,1,0,5,6,1,4,1,1,0,0,1,1,0,0,4,4,0,0,40,IP65,Нет,Нет,9.95,10.04
800,600,300,1,1,14,11,0,7,2,0,0,1,1,1,1,1,7,4,8,3,92,IP65,Релейное,Нет,20.64,20.64
400,300,200,1,1,10,9,1,8,2,0,6,1,0,1,1,1,4,1,2,2,69,IP65,Компактный ПЛК,"Свыше 7""",19.13,18.07
1000,800,300,1,0,4,5,0,0,2,2,0,1,1,5,0,0,4,1,0,0,37,IP54,Нет,"До 7""",12.48,11.92
800,600,300,1,0,13,10,1,7,1,1,0,1,1,6,0,0,3,4,6,3,100,IP54,Компактный ПЛК,"До 7""",21.83,19.62
600,400,250,1,0,7,5,0,2,1,1,0,0,1,4,0,0,3,2,4,3,38,IP54,Компактный ПЛК,"До 7""",12.82,12.87
400,300,200,1,0,12,13,0,5,2,4,0,1,0,11,0,0,3,3,0,0,85,IP66,Нет,"До 7""",21.58,22.57
1200,1000,400,1,0,7,8,1,3,2,0,0,1,1,3,0,0,0,2,5,3,53,IP65,Компактный ПЛК,"До 7""",14.51,14.96
800,800,300,1,0,10,11,1,3,0,4,3,1,1,4,0,0,3,4,0,0,66,IP54,Нет,"Свыше 7""",19.58,19.78
1200,1000,400,1,0,6,4,0,1,2,1,0,1,1,4,0,0,2,0,1,1,30,IP54,Релейное,"До 7""",9.7,9.92
600,600,250,1,0,11,11,1,5,1,2,0,1,0,0,1,1,4,0,0,0,64,IP54,Нет,Нет,15.87,15.16
600,600,250,1,0,10,10,1,1,0,4,0,1,1,4,0,0,0,0,7,1,82,IP66,Релейное,"До 7""",21.65,21.25
800,600,300,1,0,9,4,1,1,2,1,0,1,0,4,0,0,2,4,8,1,59,IP21,Компактный ПЛК,"До 7""",16.12,17.85
1000,800,300,1,1,11,13,1,9,0,0,0,1,0,9,0,0,5,4,3,3,92,IP21,Компактный ПЛК,Нет,19.5,19.68
400,300,200,1,1,11,9,0,7,0,0,0,0,0,5,0,0,5,3,9,3,96,IP66,Компактный ПЛК,"До 7""",21.54,22.38
800,600,300,1,1,15,10,0,1,1,6,0,0,0,7,0,0,7,4,9,2,96,IP54,Релейное,"До 7""",25.87,24.44
600,400,250,1,0,9,5,1,2,0,1,0,1,0,4,0,0,4,5,9,3,49,IP65,Релейное,Нет,15.53,16.67
1000,800,300,1,0,7,7,0,2,1,4,0,1,1,6,2,1,2,1,2,2,67,IP54,Релейное,"До 7""",18.66,19.63
600,600,250,1,0,6,5,0,3,2,0,0,1,0,4,0,0,5,5,0,0,42,IP65,Нет,Нет,9.46,9.17
1000,800,300,1,0,9,9,1,5,2,4,0,1,0,10,0,0,3,2,0,0,85,IP65,Нет,Нет,19.12,18.41
400,300,200,1,1,7,9,1,3,1,2,0,1,0,6,0,0,1,0,0,0,58,IP65,Нет,"До 7""",15.52,15.09
1200,1000,400,1,0,14,8,0,1,0,5,0,1,1,1,2,1,2,3,10,2,56,IP66,Компактный ПЛК,Нет,21.87,23.9
1000,800,300,0,1,10,3,0,1,2,0,0,1,0,2,1,1,7,2,11,2,45,IP66,Компактный ПЛК,"До 7""",15.96,18.1
2000,800,600,1,1,11,6,1,3,2,0,0,1,1,6,1,1,7,0,10,3,72,IP66,Компактный ПЛК,Нет,19.16,19.89
600,600,250,1,1,10,8,1,3,1,3,0,1,1,6,0,0,4,1,6,2,85,IP21,Компактный ПЛК,"До 7""",22.25,21.04
800,600,300,1,0,5,5,1,1,0,1,0,1,0,1,0,0,1,2,5,2,35,IP65,Модульный ПЛК,Нет,11.56,11.7
2000,800,600,1,0,11,9,1,7,0,0,1,1,1,4,0,0,4,2,6,2,103,IP65,Модульный ПЛК,Нет,19.82,19.67
1000,800,300,1,0,4,3,1,1,2,1,0,1,1,1,1,1,3,3,0,0,25,IP65,Нет,"Свыше 7""",9.27,8.63
600,600,250,1,0,8,6,0,3,0,0,0,1,0,5,1,1,7,3,3,3,45,IP21,Релейное,Нет,12.24,12.73
2000,800,600,1,0,13,8,1,3,1,0,0,1,1,6,1,1,6,1,10,2,95,IP65,Компактный ПЛК,"До 7""",20.8,20.49
400,300,200,1,0,13,10,0,2,0,3,0,1,0,4,0,0,6,2,6,1,83,IP65,Компактный ПЛК,Нет,20.57,20.15
800,600,300,1,0,4,2,0,0,1,0,0,1,1,3,0,0,6,5,2,3,23,IP21,Релейное,"До 7""",9.32,9.36
1200,1000,400,1,1,4,4,1,1,2,0,0,1,1,1,1,1,0,2,0,0,26,IP65,Нет,Нет,7.33,7.37
600,600,250,1,0,3,5,1,2,2,0,0,1,1,1,2,1,3,1,0,0,28,IP65,Нет,"До 7""",8.59,8.35
600,600,250,1,1,11,7,0,5,0,0,0,1,1,5,1,1,0,4,6,1,89,IP65,Модульный ПЛК,"До 7""",18.68,18.48
2000,800,600,1,1,14,12,0,0,0,8,0,1,0,6,0,0,4,3,8,2,70,IP65,Компактный ПЛК,Нет,23.48,25.41
1000,800,300,1,1,5,5,1,2,1,0,0,1,1,2,0,0,6,0,3,1,36,IP54,Компактный ПЛК,Нет,10.3,10.23
800,600,300,1,0,9,8,1,4,2,0,0,0,0,0,2,1,5,0,2,1,52,IP54,Компактный ПЛК,"До 7""",12.91,12.93
800,600,300,1,0,5,3,0,2,0,0,0,1,0,2,1,1,5,4,0,3,31,IP21,Релейное,Нет,8.61,8.85
400,300,200,1,1,9,7,0,2,2,3,0,1,0,4,1,1,6,2,2,2,45,IP54,Релейное,Нет,16.26,16.12
600,600,250,1,1,8,6,1,1,2,1,0,1,1,3,0,0,0,3,10,3,51,IP21,Компактный ПЛК,Нет,16.36,17.52
800,600,300,1,1,13,12,0,7,0,0,0,0,1,10,0,0,0,1,2,3,124,IP54,Компактный ПЛК,"Свыше 7""",20.98,19.29
600,400,250,1,0,9,10,1,7,0,1,1,1,0,7,1,1,6,5,3,2,95,IP21,Компактный ПЛК,Нет,19.88,19.34
400,300,200,1,0,10,7,1,2,2,2,0,1,0,0,0,0,6,1,7,3,57,IP54,Релейное,"Свыше 7""",19.14,19.66
2000,800,600,1,0,15,10,1,6,2,0,0,1,1,7,1,1,3,1,11,1,81,IP65,Компактный ПЛК,Нет,20.35,23.11
1200,1000,400,1,0,7,5,0,2,0,0,0,1,1,2,0,0,3,4,10,3,58,IP66,Компактный ПЛК,Нет,15.83,19.17
1200,1000,400,1,1,11,9,0,3,2,3,0,1,1,7,0,0,1,0,9,3,101,IP65,Релейное,Нет,23.75,26.54
1200,1000,400,1,1,9,3,1,2,1,0,0,1,1,1,0,0,2,2,9,1,53,IP54,Модульный ПЛК,"До 7""",15.09,16.63
2000,800,600,1,0,9,12,1,7,1,2,0,1,1,1,2,1,4,1,1,1,98,IP54,Компактный ПЛК,Нет,20.87,21.06
600,400,250,1,0,8,6,1,1,1,2,0,1,1,2,2,1,1,1,6,3,45,IP54,Релейное,"До 7""",17.41,17.53
400,300,200,1,0,11,9,1,7,0,1,0,1,0,5,0,0,1,5,2,2,64,IP54,Компактный ПЛК,Нет,15.6,15.1
2000,800,600,1,1,7,7,1,3,1,1,0,1,1,3,2,1,5,3,5,2,69,IP54,Релейное,Нет,16.44,16.76
2000,800,600,1,0,7,7,1,0,0,3,0,1,1,5,0,0,2,1,2,1,52,IP66,Компактный ПЛК,Нет,15.78,16.59
800,800,300,1,1,11,6,1,5,2,0,0,1,0,2,0,0,3,3,7,3,79,IP66,Релейное,"До 7""",18.53,19.07
1200,1000,400,1,0,12,11,1,4,2,2,0,1,0,7,0,0,3,2,3,3,97,IP21,Модульный ПЛК,"До 7""",22.89,25.46
1000,800,300,1,0,12,10,1,6,2,1,0,1,1,3,2,1,6,4,6,2,78,IP65,Компактный ПЛК,"До 7""",20.34,20.14
800,600,300,1,0,13,11,0,0,1,8,0,1,1,7,1,1,5,2,0,0,61,IP65,Нет,"Свыше 7""",19.71,20.61
1200,1000,400,1,1,9,4,0,2,2,0,0,1,1,1,1,1,3,0,6,2,54,IP66,Компактный ПЛК,Нет,13.95,14.18
1000,800,300,1,0,13,10,0,2,0,4,1,1,1,8,0,0,5,2,9,1,99,IP54,Компактный ПЛК,"До 7""",25.31,24.03
600,600,250,1,0,10,6,0,0,2,3,0,1,1,4,1,1,4,5,8,3,45,IP65,Релейное,Нет,18.74,19.91
800,800,300,1,0,6,2,0,1,0,0,0,1,0,2,2,1,1,5,9,3,34,IP66,Релейное,"До 7""",13.72,14.84
600,400,250,1,0,15,10,0,6,1,3,0,0,0,6,1,1,7,1,5,3,93,IP66,Релейное,Нет,23.34,23.6
600,400,250,1,0,12,8,1,5,2,0,1,1,1,2,1,1,2,0,6,1,80,IP54,Компактный ПЛК,"До 7""",17.78,16.81
1200,1000,400,1,1,12,12,1,7,0,0,0,1,1,5,0,0,6,0,0,1,95,IP65,Компактный ПЛК,"До 7""",17.27,19.15
800,800,300,1,0,14,9,0,5,1,0,0,1,1,4,1,1,7,5,11,2,77,IP54,Компактный ПЛК,Нет,20.07,21.72
800,600,300,1,1,6,6,0,2,1,3,0,1,1,0,1,1,3,5,2,3,43,IP21,Релейное,"До 7""",16.57,16.3
1000,800,300,1,1,6,8,1,4,2,0,2,1,0,7,0,0,1,0,0,0,69,IP65,Нет,"До 7""",13.63,13.26
800,600,300,1,0,11,7,0,1,2,5,0,1,0,1,1,1,3,2,6,2,48,IP21,Компактный ПЛК,Нет,18.39,20.69
1200,1000,400,1,1,7,5,0,2,1,0,0,1,0,1,1,1,0,1,7,1,57,IP54,Компактный ПЛК,Нет,13.25,14.95
2000,800,600,1,0,11,9,0,5,1,1,0,1,1,0,2,1,7,4,1,2,55,IP65,Модульный ПЛК,"До 7""",15.68,16.04
1000,800,300,1,0,16,13,0,8,1,0,7,1,1,7,2,1,5,0,11,2,139,IP21,Релейное,Нет,28.6,27.03
800,600,300,1,1,12,6,1,1,1,3,0,1,1,6,2,1,4,1,10,2,83,IP54,Релейное,Нет,22.64,23.57
1000,800,300,1,0,7,8,1,1,2,4,0,1,1,3,0,0,6,4,0,0,49,IP54,Нет,"До 7""",15.96,14.68
600,400,250,1,0,6,6,1,3,0,0,0,1,1,0,2,1,3,2,0,0,38,IP65,Нет,"До 7""",9.61,9.34
1000,800,300,1,0,5,5,1,1,2,0,0,1,1,2,0,0,3,4,5,1,39,IP54,Компактный ПЛК,"Свыше 7""",12.64,12.51
800,800,300,1,0,9,6,0,5,0,0,0,1,1,5,1,1,7,2,0,0,47,IP65,Нет,Нет,10.59,10.44
400,300,200,1,0,12,10,1,7,2,0,0,0,0,7,0,0,4,0,7,1,115,IP54,Модульный ПЛК,Нет,20.66,18.14
800,600,300,1,0,7,7,1,2,0,2,0,0,1,3,1,1,6,4,0,0,52,IP54,Нет,"До 7""",15.08,15.29
1200,1000,400,1,0,5,7,1,1,1,2,0,1,1,2,1,1,5,2,0,0,49,IP66,Нет,"Свыше 7""",15.23,15.47
600,400,250,1,1,11,7,0,5,0,1,0,1,0,6,1,1,4,4,4,3,59,IP65,Модульный ПЛК,Нет,16.5,17.64
2000,800,600,1,0,8,8,1,2,0,4,0,1,0,3,0,0,7,1,1,2,44,IP54,Компактный ПЛК,"До 7""",16.36,16.14
1000,800,300,1,0,11,10,1,0,2,5,0,1,0,7,1,1,5,0,8,2,70,IP54,Модульный ПЛК,Нет,22.33,25.69
1000,800,300,0,1,7,5,0,0,0,3,0,1,1,4,1,1,0,3,0,0,35,IP66,Нет,Нет,12.55,14.27
600,600,250,1,0,12,6,1,5,2,1,0,0,1,5,1,1,0,3,9,1,61,IP54,Релейное,Нет,17.14,17.46
800,600,300,1,0,12,7,1,3,1,2,0,1,1,8,2,1,6,2,6,3,75,IP65,Релейное,Нет,21.05,22.45
1200,1000,400,1,0,8,4,1,1,1,1,0,1,1,2,0,0,1,4,6,3,36,IP54,Релейное,"До 7""",13.34,12.96
800,600,300,1,0,8,8,1,4,0,0,0,1,1,3,0,0,0,0,1,3,53,IP21,Релейное,"Свыше 7""",12.38,12.25
600,400,250,1,0,5,3,1,1,1,0,0,1,0,2,2,1,1,5,2,1,32,IP21,Релейное,Нет,9.34,9.48
1200,1000,400,0,0,10,12,1,8,1,0,0,1,1,8,2,1,0,0,3,3,112,IP65,Модульный ПЛК,Нет,19.95,20.11
600,600,250,1,0,6,4,0,3,1,1,0,1,0,2,0,0,0,5,0,3,31,IP54,Компактный ПЛК,Нет,9.91,16.62
800,600,300,1,0,11,9,1,4,0,1,0,1,0,0,0,0,1,3,4,1,51,IP54,Компактный ПЛК,"Свыше 7""",14.71,15.14
800,600,300,1,0,6,3,1,2,0,1,0,1,1,0,2,1,0,4,1,1,28,IP66,Компактный ПЛК,"До 7""",10.99,12.7
600,600,250,1,1,15,10,1,9,1,0,0,1,1,4,1,1,3,5,10,2,96,IP54,Релейное,Нет,22.13,22.36
1000,800,300,1,0,8,11,1,8,0,0,0,0,1,7,2,1,1,4,0,2,107,IP54,Компактный ПЛК,Нет,18.02,18.31
400,300,200,1,1,12,10,0,7,0,1,0,1,0,6,1,1,3,0,4,1,77,IP21,Компактный ПЛК,Нет,17.25,17.22
2000,800,600,1,1,5,4,1,1,2,0,0,1,1,4,1,1,6,4,5,2,41,IP54,Модульный ПЛК,"До 7""",14.09,15.1
600,400,250,1,0,9,10,1,4,0,4,0,1,1,9,0,0,1,0,1,2,73,IP65,Релейное,"До 7""",19.34,19.68
1200,1000,400,1,1,11,9,0,2,0,4,0,1,1,0,2,1,1,2,3,3,45,IP54,Компактный ПЛК,Нет,17.3,18.86
800,600,300,1,1,10,9,0,2,1,6,0,1,0,7,2,1,1,4,0,0,76,IP54,Нет,Нет,19.07,20.28
600,600,250,1,0,11,8,1,5,1,0,0,1,1,2,0,0,7,4,11,1,68,IP54,Релейное,"До 7""",18.68,19.68
1000,800,300,1,1,11,5,0,1,2,2,0,1,1,2,0,0,4,3,6,1,41,IP54,Компактный ПЛК,"До 7""",17.16,15.83
1200,1000,400,1,1,5,5,1,2,0,0,0,1,0,2,0,0,2,5,0,0,31,IP54,Нет,"Свыше 7""",9.13,8.33
400,300,200,1,0,10,9,1,5,2,2,1,1,0,9,0,0,1,5,1,1,64,IP65,Модульный ПЛК,"До 7""",19.86,23.06
600,400,250,1,0,5,2,0,0,0,0,0,0,1,0,0,0,6,4,4,2,21,IP66,Модульный ПЛК,"Свыше 7""",10.35,10.54
1200,1000,400,1,0,10,10,0,3,1,2,0,1,1,5,0,0,3,5,3,2,78,IP54,Компактный ПЛК,Нет,19.54,19.05
2000,800,600,1,0,6,7,0,2,0,2,0,1,1,2,0,0,1,4,0,3,48,IP54,Модульный ПЛК,Нет,14.7,16.09
800,800,300,1,0,12,11,0,10,0,0,0,0,1,3,0,0,3,1,0,0,105,IP66,Нет,Нет,16.43,15.98
600,400,250,1,1,7,5,1,2,2,0,0,1,0,0,1,1,1,0,4,2,41,IP65,Релейное,Нет,10.96,11.32
1200,1000,400,1,1,9,9,0,2,1,5,0,1,0,5,0,0,1,0,2,3,59,IP54,Компактный ПЛК,"Свыше 7""",19.0,20.19
2000,800,600,1,1,4,5,0,3,0,0,0,1,1,1,0,0,1,0,0,0,35,IP21,Нет,Нет,7.29,7.59
400,300,200,1,1,8,7,0,2,0,1,0,0,0,3,1,1,5,1,6,2,65,IP21,Компактный ПЛК,"Свыше 7""",16.36,15.42
400,300,200,1,0,10,10,1,2,2,3,0,1,0,7,1,1,0,5,4,2,87,IP65,Компактный ПЛК,Нет,21.54,19.14
1000,800,300,1,1,5,4,0,1,2,0,0,1,0,2,0,0,3,4,2,2,41,IP54,Компактный ПЛК,"До 7""",11.15,11.41
800,600,300,1,0,12,12,1,6,1,1,0,1,1,3,0,0,3,5,4,3,94,IP54,Релейное,"Свыше 7""",20.45,19.04
800,800,300,1,1,8,7,1,4,1,1,0,1,0,0,0,0,1,1,1,2,44,IP66,Компактный ПЛК,Нет,12.31,12.51
800,800,300,1,0,12,8,1,3,0,2,0,1,1,5,1,1,2,0,7,3,81,IP65,Модульный ПЛК,Нет,21.3,23.16
1200,1000,400,1,0,11,12,0,7,0,1,0,1,1,10,2,1,5,2,0,0,78,IP66,Нет,Нет,16.83,17.61
800,800,300,1,0,10,11,1,6,0,1,0,1,0,7,1,1,6,5,2,3,89,IP21,Модульный ПЛК,Нет,19.19,18.14
400,300,200,1,0,7,4,0,0,2,1,0,1,0,0,1,1,4,0,8,1,47,IP66,Компактный ПЛК,"До 7""",14.53,15.5
600,600,250,1,0,8,2,1,2,0,0,0,1,1,1,2,1,2,3,6,2,39,IP54,Компактный ПЛК,"Свыше 7""",13.04,12.96
1200,1000,400,1,0,11,13,0,6,1,3,0,1,1,6,0,0,4,5,0,2,90,IP54,Модульный ПЛК,Нет,21.46,21.69
1200,1000,400,1,0,4,2,0,0,1,0,0,0,0,2,0,0,3,2,0,2,17,IP65,Модульный ПЛК,"До 7""",7.12,6.85
800,800,300,1,1,4,3,1,1,1,0,0,1,1,3,0,0,6,2,4,1,41,IP65,Компактный ПЛК,Нет,10.93,11.6
1200,1000,400,0,0,12,13,1,9,1,0,0,1,0,9,1,1,2,5,0,0,107,IP65,Нет,"Свыше 7""",19.05,20.13
1200,1000,400,0,0,12,5,0,3,2,0,0,1,1,1,0,0,7,1,10,1,65,IP21,Компактный ПЛК,Нет,15.52,16.04
600,600,250,1,1,5,2,1,0,1,0,0,1,1,3,1,1,6,2,0,0,21,IP65,Нет,"До 7""",7.76,7.89
1200,1000,400,1,0,10,5,1,5,0,0,0,1,0,3,0,0,3,5,4,1,63,IP65,Релейное,Нет,13.55,14.17
1000,800,300,1,0,11,5,1,1,1,3,0,1,1,4,0,0,5,4,10,2,61,IP65,Релейное,"До 7""",21.0,21.4
600,400,250,1,0,11,9,0,9,0,0,0,0,0,4,2,1,1,0,2,1,69,IP54,Компактный ПЛК,Нет,14.31,14.2
800,800,300,1,1,7,6,1,4,1,0,0,1,1,4,0,0,3,0,4,3,63,IP65,Релейное,Нет,13.71,13.63
400,300,200,1,1,6,6,0,0,0,3,0,1,0,3,0,0,5,3,0,1,45,IP54,Релейное,"До 7""",14.33,14.72
800,800,300,1,0,10,4,1,2,1,0,0,0,1,0,2,1,3,1,6,3,32,IP65,Релейное,Нет,11.4,11.23
800,800,300,1,0,10,5,0,4,1,0,0,1,0,6,0,0,6,3,6,2,79,IP54,Компактный ПЛК,"До 7""",16.91,17.13
600,400,250,1,0,8,7,1,4,2,0,0,1,1,6,2,1,2,5,0,0,69,IP65,Нет,Нет,13.25,12.67
800,800,300,1,0,7,8,1,5,2,0,0,1,1,4,0,0,6,0,3,3,70,IP21,Компактный ПЛК,"До 7""",15.63,15.57
600,400,250,1,0,9,9,1,5,0,0,0,1,0,2,0,0,2,0,5,3,88,IP54,Компактный ПЛК,"До 7""",17.0,16.95
800,800,300,1,0,12,7,0,7,0,0,0,1,0,1,2,1,1,1,9,3,72,IP65,Компактный ПЛК,Нет,17.32,28.28
1200,1000,400,1,0,8,9,0,5,2,2,0,1,0,0,2,1,7,3,2,1,62,IP54,Компактный ПЛК,Нет,17.79,18.6
1200,1000,400,1,0,11,8,1,3,2,3,0,1,1,5,1,1,5,0,2,1,77,IP54,Компактный ПЛК,Нет,19.06,19.14
800,600,300,1,1,8,7,1,5,1,0,0,1,1,6,0,0,5,5,1,3,63,IP21,Компактный ПЛК,"Свыше 7""",15.63,15.48
2000,800,600,1,0,11,12,1,6,0,4,0,1,1,4,2,1,3,5,3,3,87,IP65,Релейное,"До 7""",23.51,26.5
2000,800,600,0,1,6,7,0,6,1,0,0,1,0,3,2,1,2,4,0,0,60,IP54,Нет,"До 7""",12.41,12.75
800,800,300,1,1,7,8,0,5,2,1,0,1,1,4,2,1,7,5,0,0,51,IP66,Нет,"До 7""",14.85,14.93
1000,800,300,1,0,6,4,1,1,1,1,0,1,1,0,1,1,2,5,3,1,36,IP65,Модульный ПЛК,"Свыше 7""",12.84,13.13
2000,800,600,1,1,14,6,1,0,2,4,0,1,0,3,0,0,1,5,10,2,54,IP21,Модульный ПЛК,"Свыше 7""",22.13,24.89
800,800,300,1,0,7,6,1,2,2,0,0,1,1,3,0,0,4,2,4,2,50,IP54,Релейное,Нет,12.26,11.1
600,400,250,1,0,12,10,1,1,2,5,0,1,0,8,0,0,2,4,7,1,63,IP21,Релейное,"До 7""",21.77,20.21
800,600,300,1,0,3,2,1,0,2,0,0,1,0,2,2,1,6,2,0,0,17,IP54,Нет,Нет,6.35,6.66
2000,800,600,1,0,8,6,1,5,2,0,0,1,1,1,1,1,1,3,7,3,67,IP65,Релейное,"До 7""",16.68,18.05
2000,800,600,1,1,11,7,1,0,1,3,0,1,1,6,2,1,0,4,7,1,57,IP54,Компактный ПЛК,Нет,19.59,20.67
800,600,300,1,0,9,6,0,1,2,0,0,1,1,2,0,0,2,1,6,2,46,IP65,Компактный ПЛК,Нет,12.31,12.21
1000,800,300,1,0,11,10,0,4,0,3,0,1,0,9,2,1,7,1,7,2,100,IP54,Компактный ПЛК,"До 7""",24.73,24.58
800,800,300,1,1,18,12,0,6,0,2,0,1,1,7,2,1,6,0,11,2,98,IP21,Компактный ПЛК,"Свыше 7""",27.4,28.52
600,600,250,1,1,9,3,0,1,2,0,0,1,0,2,0,0,7,3,11,2,49,IP65,Модульный ПЛК,Нет,15.34,16.19
800,600,300,1,1,9,4,0,2,2,0,0,1,1,0,2,1,4,4,11,2,53,IP65,Модульный ПЛК,"До 7""",17.34,20.4
600,400,250,1,1,8,4,0,0,1,2,0,1,1,3,2,1,6,1,3,2,32,IP54,Компактный ПЛК,"До 7""",15.21,14.73
600,600,250,1,0,10,7,1,5,1,0,0,1,1,5,0,0,7,4,2,3,78,IP66,Модульный ПЛК,"До 7""",17.55,19.29
800,600,300,1,0,10,12,0,7,0,1,0,1,1,3,1,1,1,3,3,3,112,IP54,Компактный ПЛК,"Свыше 7""",21.19,18.76
2000,800,600,1,0,9,7,1,4,1,2,0,1,1,8,0,0,6,3,5,3,62,IP65,Компактный ПЛК,"До 7""",20.33,21.15
1200,1000,400,1,0,8,5,0,1,0,2,0,1,1,6,2,1,4,3,2,2,36,IP65,Компактный ПЛК,"До 7""",15.55,14.36
800,600,300,1,0,8,3,1,1,1,0,0,1,1,3,0,0,1,5,7,2,47,IP54,Модульный ПЛК,"До 7""",14.17,14.03
1200,1000,400,1,1,4,6,0,2,0,0,0,1,1,5,0,0,7,2,1,2,52,IP21,Компактный ПЛК,"Свыше 7""",12.49,12.79
600,600,250,1,0,13,8,1,5,0,0,2,1,1,1,0,0,7,0,10,1,87,IP65,Релейное,"Свыше 7""",20.01,21.15
2000,800,600,1,0,10,9,1,2,2,7,0,1,0,1,0,0,6,2,1,2,61,IP54,Компактный ПЛК,"До 7""",19.56,21.17
1000,800,300,1,0,11,6,0,4,2,0,3,1,1,2,0,0,4,0,10,2,71,IP54,Релейное,Нет,17.7,18.8
400,300,200,1,1,10,9,1,6,2,2,0,1,0,9,1,1,2,5,0,0,86,IP54,Нет,"До 7""",20.43,20.2
2000,800,600,1,0,3,2,1,2,0,0,0,0,0,3,2,1,5,4,0,0,28,IP54,Нет,"До 7""",8.16,7.83
1200,1000,400,1,0,4,6,0,3,0,0,0,1,0,4,2,1,1,0,1,3,51,IP21,Компактный ПЛК,"До 7""",11.75,12.77
800,600,300,1,1,10,5,0,3,0,0,0,1,1,5,0,0,1,2,10,1,69,IP21,Релейное,"До 7""",16.66,16.87
600,400,250,1,1,10,8,0,2,1,1,0,1,0,0,0,0,2,2,10,1,58,IP54,Компактный ПЛК,"До 7""",16.9,19.02
600,400,250,1,1,11,10,0,2,0,5,0,1,0,2,0,0,4,1,5,2,56,IP21,Компактный ПЛК,"Свыше 7""",19.97,19.52
600,600,250,1,0,12,11,0,7,2,0,0,0,1,5,1,1,3,5,2,1,72,IP54,Релейное,"Свыше 7""",16.89,16.47
600,600,250,1,0,10,10,0,5,1,3,0,1,1,10,0,0,2,2,0,0,96,IP65,Нет,Нет,19.4,17.07
800,600,300,1,1,6,4,1,1,2,1,0,1,1,4,1,1,1,3,0,0,26,IP65,Нет,"Свыше 7""",10.16,10.49
600,600,250,1,0,9,12,0,7,1,0,0,1,0,2,1,1,1,4,0,1,91,IP21,Компактный ПЛК,"До 7""",16.59,15.97
600,400,250,1,0,8,4,1,2,1,0,0,1,0,2,2,1,6,2,11,2,65,IP21,Компактный ПЛК,"До 7""",17.41,17.81
1000,800,300,1,0,10,8,0,4,2,0,1,1,0,6,2,1,3,0,10,2,79,IP66,Модульный ПЛК,Нет,19.81,20.23
400,300,200,1,0,12,8,1,6,2,0,0,1,0,5,1,1,2,5,9,1,79,IP21,Релейное,Нет,18.71,19.04
400,300,200,1,1,8,7,0,2,2,2,0,1,0,1,0,0,3,1,3,2,59,IP66,Компактный ПЛК,"До 7""",17.81,32.52
600,600,250,1,0,13,11,1,5,0,1,0,1,0,0,2,1,5,2,5,3,91,IP54,Компактный ПЛК,"Свыше 7""",20.12,21.31
800,800,300,1,0,8,8,1,5,1,0,3,1,1,5,0,0,6,4,0,0,51,IP54,Нет,"До 7""",13.66,14.25
800,800,300,1,0,5,4,0,0,2,0,0,1,1,1,0,0,2,2,0,0,21,IP65,Нет,"До 7""",6.82,7.34
2000,800,600,1,1,9,9,1,6,0,1,0,1,1,1,0,0,0,4,5,3,74,IP65,Компактный ПЛК,"До 7""",18.04,17.14
800,800,300,1,0,7,7,1,1,0,3,0,1,1,2,1,1,6,3,5,3,45,IP66,Компактный ПЛК,"До 7""",18.75,19.64
1000,800,300,1,0,4,2,1,2,0,0,0,1,1,0,0,0,5,0,2,1,30,IP54,Релейное,Нет,7.7,8.08
1200,1000,400,1,1,7,3,0,0,2,1,0,1,1,1,2,1,1,0,8,2,32,IP65,Релейное,"До 7""",13.19,14.13
2000,800,600,1,1,14,9,1,4,0,3,3,1,1,1,0,0,5,4,6,2,55,IP66,Компактный ПЛК,"Свыше 7""",22.97,26.69
1200,1000,400,1,0,15,12,1,4,0,3,0,1,1,4,1,1,6,3,11,3,107,IP65,Компактный ПЛК,Нет,26.91,28.5
800,800,300,1,1,14,12,0,8,0,0,0,1,1,8,1,1,5,4,8,1,105,IP54,Компактный ПЛК,"До 7""",22.89,22.38
800,800,300,1,1,11,10,0,3,1,3,2,1,1,3,0,0,0,0,0,3,73,IP66,Модульный ПЛК,"Свыше 7""",20.72,23.05
400,300,200,1,1,12,10,0,1,0,7,0,1,0,2,1,1,7,1,5,2,61,IP65,Релейное,Нет,20.32,19.29
2000,800,600,1,0,3,4,0,2,2,0,0,1,0,1,0,0,7,4,0,0,36,IP65,Нет,"Свыше 7""",9.14,8.86
400,300,200,1,0,12,8,0,4,2,0,2,1,0,5,1,1,4,0,8,1,91,IP65,Модульный ПЛК,Нет,19.32,19.15
800,800,300,1,0,8,8,0,2,2,4,0,1,0,2,1,1,6,2,0,0,52,IP66,Нет,"До 7""",16.56,16.22
800,600,300,1,0,12,11,1,7,0,1,0,1,1,3,0,0,4,1,0,1,99,IP65,Модульный ПЛК,"До 7""",18.19,16.03
800,600,300,1,0,3,2,0,0,2,0,0,0,0,2,2,1,3,5,0,3,21,IP54,Релейное,"До 7""",8.29,8.74
800,800,300,1,0,13,10,0,7,2,0,0,0,1,5,0,0,2,1,2,2,99,IP54,Модульный ПЛК,Нет,17.39,17.01
600,400,250,1,1,14,8,0,3,1,4,0,0,1,2,1,1,2,5,9,3,64,IP65,Компактный ПЛК,Нет,22.09,21.7
600,600,250,1,0,12,8,1,0,2,6,0,1,0,6,2,1,2,0,2,1,43,IP54,Релейное,"До 7""",17.7,17.87
800,600,300,1,0,14,9,0,9,0,0,0,1,0,8,0,0,1,0,4,2,103,IP21,Релейное,"До 7""",18.78,17.67
800,800,300,1,0,14,9,1,3,0,3,0,1,0,3,2,1,1,4,11,2,81,IP66,Компактный ПЛК,Нет,24.3,27.03
600,400,250,1,0,11,8,0,3,0,4,2,1,0,5,0,0,3,3,5,1,63,IP21,Релейное,"До 7""",20.27,20.2
600,400,250,0,0,11,9,1,1,2,4,0,0,1,5,1,1,7,4,5,2,57,IP54,Компактный ПЛК,Нет,19.49,18.65
